pair_index,num_pairs,experiment_response,experiment_spend,spend_response_ratio,budget,iroas,rmse,rmse_std,proportion_cost_in_experiment,rmse_cost_adjusted,rmse_cost_adjusted_std,cihw,std,bias,bias_std,trim_rate,trim_rate_std,trim_rate_cost,trim_rate_cost_std
0,105,19850.0,205431.4170667351,10.349189776661717,39345.69492187382,0,0.019844600379395175,0.0023996403197782783,1.0000000000000002,0.019844600379395172,0.002399640319778278,0.02398213630269664,0.019646287741472136,0.005208682491591202,0.004393043489545251,0.04047619047619048,0.007904278754446768,0.41149633877235453,0.06950105321037701
1,104,15947.0,153343.81338077897,9.615840808978426,39345.69492187382,0,0.015318862107840246,0.0018859764604677014,0.746447722409298,0.02052235092686168,0.002526602203809215,0.017127502037134146,0.015716449606041332,-0.0001052970595450085,0.0035143049684058206,0.04423076923076923,0.008497805971073831,0.36046485333156675,0.06475380648039426
2,103,13175.0,123162.87465860156,9.348225780539018,39345.69492187382,0,0.012122681262477201,0.0017018897668863758,0.5995328096217714,0.020220213252590904,0.0028386932951343412,0.014737637490823696,0.012016697616468324,0.0031270482033799937,0.002687015273548287,0.04660194174757281,0.006164535524384008,0.4057043547807539,0.03559070247258603
3,102,12265.0,116913.40977534534,9.532279639245441,39345.69492187382,0,0.011519391513533641,0.0014850067987788942,0.5691116356237063,0.020241005090168646,0.0026093418335252122,0.013311681655676566,0.011817414211287186,-0.00016633139509768873,0.002642454149471021,0.05637254901960783,0.007178882393176742,0.42783317306008967,0.042236656342563975
4,101,11283.0,105212.98150406414,9.32491194753737,39345.69492187382,0,0.009423233916001972,0.0010615118739685893,0.5121562368909005,0.018399139241585198,0.002072632914543053,0.011328747307033982,0.00955827734594525,0.0014158760202716168,0.0021372957893329853,0.05544554455445546,0.006111827790055549,0.38533980480752356,0.03293047776700052
5,100,10827.0,98839.68940830845,9.129000591882187,39345.69492187382,0,0.006899314792507009,0.0008797757181366116,0.4811322962164062,0.014339745734723656,0.0018285526144370518,0.012577918276309375,0.006495896467644651,-0.002741114232144601,0.00145252660764542,0.06000000000000001,0.007071067811865476,0.46610412271322776,0.0403668659308657
6,99,10201.0,91359.85714324364,8.955970703190241,39345.69492187382,0,0.007010607434015818,0.0011185858357420262,0.4447219341994078,0.015764024427165648,0.0025152477305975785,0.010935219675509785,0.0067049461712110165,-0.002537740844330334,0.0014992715424304776,0.03787878787878788,0.005670361773945336,0.30760694795702986,0.035413785877266034
7,98,8462.0,84422.4941291515,9.97665967019044,39345.69492187382,0,0.008553334014660652,0.0010449930143890595,0.4109522065056222,0.02081345197630332,0.002542857777245596,0.00927331754746685,0.00786763331431891,-0.0037887796843045904,0.0017592562912859052,0.030102040816326524,0.007195410475736179,0.1937917213270549,0.04596478484001812
8,97,6658.0,69382.80014309958,10.420967278927543,39345.69492187382,0,0.007002055456400287,0.0011624218183789144,0.33774191471677556,0.020731970629917485,0.003441745805680355,0.00795466184457607,0.007010171674762643,-0.0015308164652703363,0.0015675220398712816,0.05,0.005806575465994167,0.28781041603890783,0.030887739941781327
9,96,6456.0,66169.14749539057,10.249248372891971,39345.69492187382,0,0.005781707632353499,0.0008348242630960565,0.32209848152824316,0.017950123840762444,0.0025918292415881973,0.007856910282372266,0.0059317313767768285,-4.4473318831894824e-05,0.0013263754582741405,0.06614583333333333,0.00596360451108387,0.34141721323332924,0.0273060464955559
10,95,6320.0,64863.24248200654,10.263171278798504,39345.69492187382,0,0.005810686000341443,0.0007241106544762317,0.315741591077744,0.01840329612740406,0.002293364811409772,0.007177824319463145,0.005738819793037967,0.0015737604037616125,0.0012832391167854169,0.059473684210526324,0.00790949682104327,0.3247871952725837,0.03899988190656911
11,94,5959.0,61085.00508164948,10.250881873074254,39345.69492187382,0,0.004561450172820232,0.0005821874002774887,0.29734986962488713,0.015340346974338994,0.001957920482736145,0.007061141822597222,0.004537031275214119,0.0011186632766226915,0.0010145110347421326,0.07180851063829786,0.004934284981926152,0.3577584933831377,0.017691041045660622
12,93,5591.0,53803.635554816945,9.623258013739393,39345.69492187382,0,0.005261693436289564,0.0004755240937362252,0.26190558544090004,0.02009003903995352,0.0018156317397191553,0.006758983140009896,0.005310004823422839,-0.0009481952087822204,0.0011873531746025233,0.07365591397849462,0.005746986368736815,0.38344594188015624,0.026703455520725405
13,92,5304.0,51748.80512675164,9.756562052554985,39345.69492187382,0,0.0058259240471740786,0.0008783234115554041,0.25190307240075593,0.023127641880864157,0.00348675148415049,0.006765289007948813,0.005560426695636806,0.0021375133257522127,0.0012433492075348432,0.05597826086956522,0.006610522675912349,0.32989581355269937,0.03152095507422168
14,91,5197.0,50363.49330430481,9.690878065096172,39345.69492187382,0,0.005561218897520825,0.0010490061322332728,0.24515964511866298,0.02268407141325835,0.004278869516740936,0.007173202984830722,0.0056013266068453025,0.001058791224660125,0.0012524947057084336,0.0631868131868132,0.0072576091806293664,0.38657214641402204,0.03387417338712236
15,90,5058.0,49681.787890926746,9.822417534781879,39345.69492187382,0,0.005577520675970268,0.0008980082991281099,0.2418412363615613,0.023062736363254756,0.0037132141426268407,0.006486928717924517,0.004935616949165707,0.0028224879017329065,0.0011036375009234646,0.06222222222222222,0.00740545783311192,0.37730145094985623,0.0336109401192865
16,89,4995.0,48949.854072149144,9.799770585014844,39345.69492187382,0,0.00624334559187607,0.0006753924356536846,0.23827832554086714,0.026201903079956273,0.0028344686161471616,0.006480690614403121,0.006287319773828533,0.001193940424871292,0.0014058874410559203,0.04719101123595506,0.008135099367956306,0.29721942574290516,0.04082103248163585
17,88,4892.0,47913.77402441576,9.794311942848683,39345.69492187382,0,0.004906768378824615,0.0008422764115267058,0.23323489030332115,0.021037883193390918,0.0036112796435873225,0.0064613252983911585,0.004858221795570374,-0.0012861465154584346,0.0010863314184666442,0.060795454545454555,0.00724702958452931,0.39513913852152455,0.034631808795496606
18,87,4792.0,46709.29955264203,9.747349656227469,39345.69492187382,0,0.004192067867625658,0.0005858579209863788,0.22737174391134324,0.018437066081791714,0.002576652273973042,0.00629020174941135,0.004273779883612084,0.00047063599298245923,0.0009556462340627759,0.05574712643678161,0.006527480857241694,0.3723462918651193,0.03372310779675389
19,86,4619.0,45229.32048592237,9.792015692990338,39345.69492187382,0,0.005667261203022418,0.0006534293542632656,0.22016749498071897,0.02574068076451851,0.002967873864943094,0.006194987831959254,0.0057146757180968335,-0.0010455653534943803,0.0012778403375031944,0.055232558139534885,0.006527509483960329,0.3710096901834859,0.03652564107965218
20,85,4067.0,39377.01972670706,9.682080090166476,39345.69492187382,0,0.003442173339547891,0.00047158729556800235,0.19167963833845003,0.017957949886518578,0.002460288946994555,0.005119786156002032,0.0035118544560106915,0.00036344417081889954,0.0007852745290725451,0.06411764705882353,0.006470588235294118,0.34607314480313744,0.03434393673731939
21,84,3830.0,35606.89038991562,9.296838221910084,39345.69492187382,0,0.003912798366300179,0.0006884036403289639,0.17332738535483408,0.02257461138232679,0.003971695753211017,0.005116694885400688,0.003927745689130371,-0.0008088041584730189,0.0008782706359227265,0.04583333333333332,0.008734311118507426,0.23411772715019774,0.04453239317311992
22,83,3553.0,31070.389730397743,8.744832460004993,39345.69492187382,0,0.0033649869132005685,0.0003866502545632493,0.1512445865098834,0.022248643676120443,0.002556456819285779,0.0046954336017638034,0.003398933963765987,0.000589934267924169,0.0007600247394013553,0.05903614457831326,0.006932189558860529,0.31772099689738176,0.035626451896021594
23,82,3482.0,30109.445648952984,8.647169916413837,39345.69492187382,0,0.005494756055631427,0.0006344418338551231,0.14656689847576643,0.03748974777234532,0.004328684310393746,0.0047905982818225385,0.005625978803009996,0.000351124612604036,0.001258007104350325,0.05182926829268293,0.007655574106306311,0.2633062429544506,0.03914207026735129
24,81,3434.0,29818.747760557493,8.683386068886865,39345.69492187382,0,0.003728775418288661,0.0004699527042349494,0.14515183795315387,0.025688792307900925,0.003237662787202332,0.004684610408498703,0.0038152183233027136,0.0002750814575580166,0.0008531087519907637,0.05493827160493827,0.007247294910339689,0.28906218714512305,0.03803202900912536
25,80,3374.0,29259.05417134456,8.671918841536622,39345.69492187382,0,0.003842099294045133,0.0004581610826495493,0.14242735891677008,0.026975851572803026,0.0032168052973395637,0.004838936719435536,0.003763584940281546,0.0011425340094385664,0.0008415631765564023,0.043125,0.009044617110978802,0.23495254096653645,0.046311376030093464
26,79,3344.0,29089.273200154097,8.698945334974312,39345.69492187382,0,0.004364309001976827,0.0004063498209578956,0.1416008983217224,0.03082119572476834,0.0028696839199046182,0.0049299442799053345,0.004473466590250518,-0.00018943309466074696,0.0010002975390874358,0.039240506329113925,0.008361291673033856,0.2063063738864038,0.04241679949809841
27,78,3166.0,27290.196478258244,8.619771471338675,39345.69492187382,0,0.004419339326803435,0.0005207621696356182,0.1328433443526943,0.03326729952740611,0.003920122398100829,0.004699914203114135,0.004295754461734935,0.0014141177495850964,0.0009605598991087333,0.05448717948717948,0.006952441846426737,0.29703609551661686,0.039671712599230705
28,77,3118.0,26606.42278713305,8.533169591768138,39345.69492187382,0,0.00478128287668522,0.0005455511313434097,0.12951486762363068,0.03691686494696188,0.004212266447499893,0.004944531808198984,0.004845500393230714,-0.0007454767529066463,0.0010834868264265837,0.045454545454545456,0.007854614530250641,0.2603830286994015,0.044437129491096315
29,76,2761.0,21349.283613212192,7.7324460750496895,39345.69492187382,0,0.003453164812221244,0.0006005727795415801,0.10392414129274496,0.03322774448040893,0.005778953495028846,0.00401366899503492,0.0035381942320012647,-0.00017739706357296423,0.0007911642820352489,0.06776315789473683,0.004703154292635456,0.3183064353191376,0.01701381368782959
30,75,2709.0,20480.38002158359,7.560125515534732,39345.69492187382,0,0.004100051522135947,0.0005820938865604074,0.09969448837969352,0.04112616042042976,0.005838777007846829,0.004036105098370337,0.003819443356246593,-0.0017180460733553869,0.0008540534980777327,0.058666666666666666,0.005590300706429315,0.2750711054848551,0.021720451891321654
31,74,2536.0,18675.324346553993,7.364086887442427,39345.69492187382,0,0.002841634221690066,0.0004514731294045106,0.09090783003500996,0.031258409980699245,0.00496627330374778,0.0035987854991651512,0.0025411590449886394,-0.001392935828582534,0.0005682204366233044,0.05945945945945945,0.0049409258699739415,0.2541221220851567,0.014745289777256367
32,73,2462.0,17631.29877481695,7.161372369950021,39345.69492187382,0,0.003139993574924412,0.0005086284196772807,0.0858257175390528,0.036585695581229934,0.00592629382266268,0.0035728022227402715,0.0032066080432798494,0.00030222717366398046,0.000717019356197133,0.05,0.004896434606031434,0.2360509922034369,0.019572664877586524
33,72,2349.0,16445.896584523558,7.001233113888275,39345.69492187382,0,0.0030926119667715572,0.0006349872776783513,0.08005541128687758,0.038630892241490335,0.007931847047826438,0.003337342511076912,0.00310604353120689,-0.000631757611868732,0.0006945324476852095,0.04930555555555556,0.0048819519831407605,0.2041365209220952,0.01856891861340738
34,71,2332.0,16364.443742578926,7.017342942786846,39345.69492187382,0,0.0026769485064116827,0.0003284040897310996,0.0796589147669798,0.03360513401723282,0.004122628216713161,0.003300384729744235,0.0027332402323053243,-0.000262642812317219,0.0006111710958272022,0.052112676056338035,0.004347145118278948,0.21726333822790678,0.014367370720798476
35,70,2312.0,16260.782835047812,7.033210568792306,39345.69492187382,0,0.002132134993302303,0.0004552837444223933,0.07915431372293677,0.026936434579742537,0.005751850063611435,0.0031677131272517542,0.0021577882548771254,-0.00035035979281707594,0.00048249612189558944,0.06,0.0033742564920777257,0.23772180609703963,0.012659578560560363
36,69,2270.0,15766.28107348755,6.945498270258832,39345.69492187382,0,0.0017093999583689188,0.0002797289405475958,0.0767471757660408,0.022273131764221826,0.003644810870960683,0.003115599677126643,0.0017381763640704987,0.00022771473094419935,0.0003886680506945058,0.0608695652173913,0.004152755938616689,0.23550335494787616,0.013141753462750207
37,68,2128.0,14666.955243730834,6.892366185963738,39345.69492187382,0,0.0019132233732570146,0.00026175492416964197,0.07139587241890186,0.02679739470135663,0.0036662472955557453,0.0031979019856079164,0.001956731055832944,0.0001518784789194913,0.00043753836545273986,0.05661764705882353,0.004030902980486966,0.24275583580465057,0.015021732706655931
38,67,2072.0,14354.464595960511,6.927830403455845,39345.69492187382,0,0.0031370982896681207,0.0006957431431973784,0.06987472900163766,0.04489603515449193,0.009957006676635157,0.003293312701027252,0.0031993585923713345,-0.0003424690447140846,0.0007153983296940343,0.0544776119402985,0.004500465376089062,0.2206987115685711,0.015369960372577228
39,66,1896.0,13251.63153229799,6.98925713728797,39345.69492187382,0,0.0026013286050723386,0.0004976075741063498,0.06450635312510723,0.040326703945380016,0.00771408628761359,0.0031531793832378654,0.0024384779199326757,0.0010573763161090609,0.0005452602390601752,0.06439393939393938,0.004379616980827005,0.2804679389513483,0.016479697283816278
40,65,1890.0,13236.336212392274,7.0033524933292455,39345.69492187382,0,0.00218778194476062,0.00028650758529171063,0.06443189849628701,0.033954950821241045,0.0044466730296364165,0.0032864698143181595,0.0022417464135713575,0.00011060833693044784,0.0005012697369061912,0.05769230769230769,0.005453578049976139,0.24825364572925115,0.01986981823153245
41,64,1823.0,12900.381248725087,7.0764570755485945,39345.69492187382,0,0.0028655445335103967,0.0005534614326242727,0.06279653537381946,0.04563220751673941,0.008813566374794246,0.003247303534340236,0.0029134154628293334,0.0003843895126442847,0.0006514595021585401,0.0515625,0.00556482801668328,0.2366843057379719,0.025048901818107143
42,63,1768.0,12064.353041371063,6.823729095798113,39345.69492187382,0,0.0020303115469338,0.0002691085162360089,0.05872691340804956,0.03457207997339615,0.004582371192679144,0.003238939101432833,0.0020606098967444037,0.0002972498753234155,0.0004607663804229309,0.06746031746031747,0.00550761027445431,0.28213316264265365,0.015762260586785558
43,62,1751.0,11944.256673705253,6.82139158978027,39345.69492187382,0,0.002222166060380261,0.00030973328086034976,0.05814230775531828,0.03821943342414026,0.00532715836054888,0.0031333557948544184,0.0022652780212139272,-0.00025122044538769246,0.0005065315643370551,0.06532258064516128,0.004295323686910301,0.281345134582118,0.013246476055636752
44,61,1698.0,11670.846338610789,6.873289952067602,39345.69492187382,0,0.002695858618783978,0.00039140189779385834,0.05681139966444119,0.04745277593418178,0.0068894957720754876,0.0032774759134425483,0.0021242430322454264,-0.0017265183623207652,0.0004749951820831051,0.055737704918032795,0.006338004373496793,0.24772923274906575,0.02320331878486108
45,60,1655.0,11399.030885375316,6.887631954909557,39345.69492187382,0,0.0031514055596341133,0.00039470648194557095,0.05548825514683718,0.056794100865032206,0.007113333819942059,0.0032333255296641125,0.003195909508452604,-0.00047771465791403723,0.0007146270910837961,0.056666666666666664,0.006882472016116852,0.2478851164971346,0.025549765459811313
46,59,1618.0,11232.925307893112,6.942475468413543,39345.69492187382,0,0.002333657203275849,0.00036980554747561244,0.054679685650243365,0.04267868725879302,0.006763124971878227,0.003361842161938477,0.0022879214776882887,-0.0006878230068391597,0.0005115947951292782,0.06525423728813559,0.004805756890845739,0.29662168640090913,0.014075525022525567
47,58,1591.0,10928.725909569475,6.869092337881505,39345.69492187382,0,0.0025649235789813388,0.0003452639058020008,0.05319890241529729,0.04821384394283664,0.006490056939646945,0.003270477374298637,0.0025654151524380562,0.0005714418665740238,0.0005736442671359479,0.056034482758620684,0.006362611193749678,0.2566968256319307,0.0224578381311456
48,57,1539.0,10690.377410459876,6.946314106861518,39345.69492187382,0,0.001937444133372608,0.00020127573672026796,0.05203866849142687,0.037230855237808266,0.0038678110442704203,0.0031704837591616055,0.001983745099060273,0.00012331821761835257,0.0004435788891530824,0.06666666666666667,0.003269793390512608,0.3047027900891099,0.008819794087290445
49,56,1526.0,10625.788045361685,6.963163856724565,39345.69492187382,0,0.0020957858797385704,0.00028668716249007434,0.05172426008194192,0.04051843132059139,0.005542605385478741,0.0031040501412375006,0.002125507122200732,0.00031690211976545264,0.00047527784119007893,0.05267857142857143,0.005096247382060862,0.2636736326571446,0.018140811029549796
50,55,1520.0,10604.754754565018,6.976812338529617,39345.69492187382,0,0.001999722041513747,0.0002332654480289461,0.05162187413193976,0.03873788147254554,0.004518732648736185,0.0030784323004460893,0.0018329237277943191,0.0008984761104225619,0.0004098542052920418,0.05818181818181818,0.004294508262644378,0.2790937792441137,0.012747302383916807
51,54,1453.0,9633.217697857463,6.629881416281805,39345.69492187382,0,0.0026472848159099765,0.00036903078902830266,0.04689262156395524,0.05645418677007502,0.007869698402871212,0.003115820021266371,0.002715997871234069,-1.7455137550939363e-05,0.0006073155866824099,0.05833333333333333,0.006619254189635087,0.2801160492229733,0.02700801642446
52,53,1404.0,8907.916548536614,6.34466990636511,39345.69492187382,0,0.0028208381151212775,0.0003284789629102515,0.0433619972822504,0.06505323305935325,0.007575272900187868,0.00322680640254583,0.0028358560168515947,-0.0005631627569568497,0.0006341166828081954,0.0509433962264151,0.005139926234203588,0.2934131288394287,0.022645527238359407
53,52,1247.0,7875.704802371792,6.315721573674251,39345.69492187382,0,0.003032479381985269,0.0003652875208182151,0.038337392180930845,0.07909978247017113,0.009528230796040175,0.0027503476537272583,0.0030954637032236873,-0.00030517280529106857,0.0006921667262291399,0.015384615384615385,0.005510387687779838,0.06908597788311524,0.024612490286573554
54,51,1205.0,7463.613351407564,6.1938700011681025,39345.69492187382,0,0.0022346987027689162,0.00021539815193670462,0.0363314115142524,0.06150872233225151,0.005928703096278172,0.0027447297814112955,0.002291729272918129,-6.675615945150515e-05,0.0005124462440271103,0.014705882352941175,0.00618011424623866,0.06692624706663168,0.02740577902269894
55,50,1131.0,6377.536823085337,5.638847765769529,39345.69492187382,0,0.001611786266178378,0.0002556430674728535,0.031044603177777692,0.051918404527461465,0.008234702373514233,0.0026287424789181303,0.0015727757591672117,0.0004979081829498669,0.00035168335108617233,0.009,0.004223991626785959,0.053317841606736784,0.024791179519030045
56,49,1116.0,6297.112962892005,5.642574339508966,39345.69492187382,0,0.0027477334385155577,0.0006617713855141288,0.030653115539997312,0.08963961379162956,0.02158904156579533,0.00260060028603143,0.0027885892089518204,-0.00040326264601140544,0.0006235475032538635,0.014285714285714285,0.005559512049240616,0.06848353894068392,0.02680758179482981
57,48,1086.0,6253.126498967042,5.757943369214587,39345.69492187382,0,0.002580589373840666,0.0005097009536554113,0.03043899802791943,0.08477905125108531,0.0167449977554419,0.0027209390457084474,0.002507893056740156,-0.0008272788595970236,0.0005607819355170726,0.015625,0.006390060755735292,0.07392855755381386,0.03006404474245921
58,47,1074.0,6227.334292490374,5.798262842169808,39345.69492187382,0,0.0024532009322739954,0.0004052686490247919,0.030313446606209236,0.08092781280012862,0.01336926989165854,0.0027136104465251562,0.0024873101235922714,-0.00037525823872585273,0.0005561794517475721,0.015957446808510637,0.0053191489361702135,0.08880869156347496,0.028842046077114582
59,46,1057.0,6168.866263140868,5.836202708742543,39345.69492187382,0,0.0023042790536585258,0.00023005589067927204,0.030028835663129815,0.07673554444496093,0.007661165862709111,0.0025383326852952775,0.0023441143428893653,0.00029928833458183623,0.0005241599017732872,0.009782608695652175,0.004591295246506477,0.05352102417678117,0.02491310748093182
60,45,971.0,5579.548277251317,5.746187721165105,39345.69492187382,0,0.002603079861040868,0.00033803589423104694,0.02716015085189615,0.09584187787598895,0.012446024179849038,0.002470641612758441,0.0025854083307982802,0.0006526142335587316,0.0005781148777259218,0.025555555555555554,0.0077777777777777776,0.10834303959744443,0.03126655390677703
61,44,942.0,5438.591391472745,5.773451583304401,39345.69492187382,0,0.0022942978582352444,0.0004226059751128695,0.02647400027283072,0.08666230394315576,0.015963056990166095,0.002478826476618161,0.0023537585619123028,-2.5144838757313667e-05,0.0005263164147058056,0.015909090909090907,0.007392112227502573,0.06571913649040856,0.029964026830752166
62,43,882.0,4811.529809616756,5.455249217252558,39345.69492187382,0,0.0023222381086602938,0.00030591102181086206,0.023421587010976592,0.09914947725668506,0.01306107146657039,0.002416579411792906,0.0023770928287105476,-0.00015731507500039245,0.0005315341153824048,0.02674418604651163,0.00813953488372093,0.13110046641950965,0.0378774715663682
63,42,874.0,4789.900666319778,5.480435544988304,39345.69492187382,0,0.001988354025790014,0.0002823698734735859,0.02331630056742374,0.08527742297884226,0.012110406308112946,0.0024147515328318517,0.0020187030836130693,0.0002866141990130411,0.00045139573213472643,0.019047619047619046,0.007037654677743844,0.08537309348620271,0.03296263301909169
64,41,862.0,4748.374463241346,5.508555061764903,39345.69492187382,0,0.001997288503409024,0.0002673944527328763,0.02311415912444795,0.08640974100141427,0.011568426577545362,0.0023294476259642454,0.0019647980741466405,0.000567231405414075,0.00043934220558525597,0.023170731707317073,0.008006658364425592,0.10830144671848627,0.03696554292054765
65,40,743.0,3829.0534682191537,5.153503994911378,39345.69492187382,0,0.0014929517469713532,0.00015111752454485624,0.018639084142496442,0.08009791337158444,0.008107561690776088,0.0019476725501141573,0.001518964788994946,-0.0001923891631269216,0.00033965085236213236,0.04,0.007565503427086869,0.14670920750061978,0.026210085088659893
66,39,736.0,3812.794168659154,5.1804268595912415,39345.69492187382,0,0.0020851795379616773,0.0002958342766420011,0.018559937049066628,0.11234841650858618,0.015939400864340675,0.00198131701473795,0.0020735903374650795,-0.0005130162397887224,0.00046366889520586466,0.02564102564102564,0.005882454714629789,0.09828200113947584,0.021748518500617115
67,38,721.0,3722.67076880322,5.163204949796422,39345.69492187382,0,0.0023326779528646826,0.00024937272020027034,0.018121233947356256,0.12872622028065597,0.013761354272270836,0.0019363316246323963,0.002366738561364086,-0.0003464211090935568,0.0005292188308180153,0.025,0.005876641696281658,0.09499916996765531,0.022697889076991253
68,37,691.0,3674.2504322593736,5.317294402690845,39345.69492187382,0,0.0015511518582893339,0.00018927067446999814,0.01788553320968322,0.08672662090104984,0.010582333344556208,0.001854880690556469,0.001567644462521563,0.00026727960012627044,0.0003505359582749336,0.016216216216216217,0.005333807470626651,0.08062729335354821,0.02313192051971485
69,36,661.0,3516.7625790704988,5.32036698800378,39345.69492187382,0,0.001424439646414421,0.00018567253136713517,0.01711891311117261,0.08320853299294828,0.010846046718115331,0.0017733789422364264,0.0014012796227281204,0.00040450334270291326,0.00031333564919053367,0.0125,0.0037566272390437416,0.07909273465995752,0.02240114022839893
70,35,634.0,3300.959720678379,5.2065610736252035,39345.69492187382,0,0.0015005376762300129,0.0002002334719735461,0.016068426961227903,0.09338422982229158,0.012461298947102711,0.0017887125763091567,0.0012871633382466996,-0.000823203092453921,0.0002878184722465175,0.03571428571428571,0.007720966196779731,0.16009090440273527,0.02883824444456156
71,34,632.0,3295.9834835342617,5.215163739769402,39345.69492187382,0,0.0016212411967692127,0.0002346693078940604,0.01604420361109397,0.10104840577117737,0.014626422948895719,0.0016932930046463066,0.0016584661619408875,-0.0001242517940066812,0.0003708443076482999,0.03235294117647059,0.007955210623857335,0.136186451830115,0.029174784336567304
72,33,630.0,3291.6885184247226,5.224902410197973,39345.69492187382,0,0.0008859307914763069,8.272104466622311e-05,0.01602329656011382,0.055290170044135646,0.005162548440383825,0.0017670619002708807,0.0008998992942396269,0.0001246818531363154,0.00020122359948238907,0.04848484848484849,0.00890289361209114,0.17387989544037313,0.030287712357463283
73,32,601.0,2993.102042633648,4.98020306594617,39345.69492187382,0,0.001516145839882884,0.00018885359644810938,0.014569835935373652,0.10406059797844948,0.01296195765592649,0.0016047733751176755,0.0013878715982617053,0.0006847043253812188,0.0003103375237754452,0.0390625,0.009849557079942867,0.14698380476417086,0.034363654407255306
74,31,575.0,2818.9020789445317,4.902438398164403,39345.69492187382,0,0.001720753600021015,0.0002564175219628178,0.013721864548248735,0.12540231642503918,0.018686784223908064,0.0017101784906559132,0.001737701323326771,-0.00030391998510833837,0.0003885618283550001,0.01935483870967742,0.007547066475685185,0.07471690318375765,0.027400418534673978
75,30,489.0,2396.352918506144,4.900517215758986,39345.69492187382,0,0.0012100654217180736,0.00017550532694921245,0.01166497779513287,0.10373490999896845,0.0150454917301635,0.0014398187030300832,0.0012114780860483236,-0.00026450544325437944,0.0002708947353655391,0.015,0.004507952686852491,0.06225271760699489,0.017566886861445
76,29,468.0,2329.996924992811,4.978625908104297,39345.69492187382,0,0.0011243289656410476,0.00011298143833691793,0.011341969783696249,0.099129956002637,0.009961359489718043,0.0014370107408724407,0.0011535186160111875,6.378508393130847e-06,0.00025793460387124926,0.012068965517241381,0.003773252792430451,0.05351410631810669,0.016764734293035845
77,28,449.0,2202.867175908531,4.906162975297397,39345.69492187382,0,0.001440875407749386,0.00020568902793965233,0.01072312700443926,0.13437082365553246,0.019181814022579353,0.0014197867313186846,0.0014772422745401217,-5.467577025439469e-05,0.00033032141451081186,0.014285714285714285,0.004777543243285276,0.06141353729741415,0.01931924491433895
78,27,431.0,2130.4116028490566,4.9429503546381826,39345.69492187382,0,0.000982909740501631,0.00012352813616783704,0.010370427431540258,0.09478006060890445,0.011911576160510305,0.0014566292876749712,0.0009860999168856597,0.00020576239742764983,0.00022049864467632276,0.012962962962962963,0.004862561280025896,0.0551174842523397,0.01949547122966121
79,26,409.0,1965.7345012876492,4.806196824664179,39345.69492187382,0,0.0014872271640300396,0.0001690981862007017,0.009568811476625671,0.15542443987562943,0.017671806641166285,0.0015208678583011135,0.0014116508875752856,-0.0005645567468876336,0.00031565473451162514,0.01730769230769231,0.005902641016932523,0.07530610998607026,0.02388814733696076
80,25,391.0,1918.4470150169002,4.906514104902558,39345.69492187382,0,0.001187704054854465,0.0001424599632212046,0.009338625232739775,0.12718189511348613,0.01525491811383136,0.0012532561322737828,0.0012083476038368328,-0.00015343463365366248,0.00027019473826281435,0.034,0.007827078503166864,0.12908666492832327,0.02774438808338413
81,24,361.0,1823.291404180883,5.050668709642335,39345.69492187382,0,0.0009505027249778086,0.00014298266708969676,0.008875426311198453,0.10709375433363964,0.016109949209908967,0.0011106248764709168,0.000970528664817742,-9.287537574070036e-05,0.00021701680686445795,0.054166666666666675,0.008054547224652172,0.20857637921307975,0.029025544776799295
82,23,338.0,1742.507556380983,5.155347799943737,39345.69492187382,0,0.0010836995840049072,0.00014841649867185206,0.00848218632408559,0.1277618225536603,0.017497434387926145,0.0010986811938056742,0.0010432163944575292,-0.00037485912686059805,0.000233270277324927,0.047826086956521734,0.0088656158479682,0.18480552262760097,0.03242633378620022
83,22,333.0,1711.3198799111356,5.139098738471879,39345.69492187382,0,0.0007773012691763723,9.388781295036789e-05,0.00833037080864417,0.0933093240423092,0.011270544265921919,0.0009847083469229504,0.0007891848600656266,0.0001119158472882034,0.00017646709939204,0.07727272727272726,0.006677170209068355,0.2766627315727542,0.02292129609467867
84,21,319.0,1635.2713350389133,5.12624242958907,39345.69492187382,0,0.0009439975990006177,0.00016951219508943254,0.00796018135097462,0.11858996138134939,0.021295016735853385,0.0011599478882576369,0.0009541268058418724,-0.00016214624070331614,0.00021334923970171702,0.059523809523809534,0.009694584179118518,0.2220535143740861,0.03398488593284309
85,20,238.0,1253.1403599330185,5.265295629970666,39345.69492187382,0,0.00044752946407451406,4.828155214713626e-05,0.0061000424269377065,0.0733649756431578,0.00791495349834381,0.0006668177586962926,0.0004444942083752278,0.00011218856893488488,9.939192655319656e-05,0.08500000000000002,0.006386663736585051,0.18645795119027672,0.02007420287881971
86,19,237.0,1252.6803671730186,5.285571169506407,39345.69492187382,0,0.0006104863337288584,0.00010447288974808746,0.006097803272057853,0.10011578046905976,0.01713287311626085,0.0007832610677128537,0.0006184734054102787,9.648667332800624e-05,0.00013829485767731693,0.02894736842105263,0.006006994028310648,0.037726878068280525,0.008335419788976822
87,18,229.0,1237.7728107823543,5.405121444464429,39345.69492187382,0,0.0005057146942951411,6.001399876942797e-05,0.0060252362002656094,0.08393275839922222,0.00996043918855536,0.0007997710785066593,0.0005187840558889453,8.20367074381647e-06,0.00011600364146107316,0.02777777777777778,0.006372659274182271,0.030519354369902368,0.007315230346388161
88,17,226.0,1223.0385636423546,5.4116750603644,39345.69492187382,0,0.0006357319035779279,9.819565890008708e-05,0.005953512764043519,0.1067826556814418,0.016493734504634597,0.0008283177002617539,0.0006413327658746564,-0.00011581330869809763,0.0001434063660693689,0.032352941176470584,0.006713699208111901,0.037385146963274066,0.008199700185201563
89,16,204.0,1055.290028183093,5.172990334230848,39345.69492187382,0,0.0006128965477043293,7.95762703450206e-05,0.005136945669027239,0.11931147167853749,0.015490969823725937,0.0007919981927512844,0.0005986468964789591,-0.00018757125807860337,0.00013386151550462319,0.03125,0.007169241683455054,0.039944617392124473,0.009577063747871449
90,15,192.0,953.5578674009445,4.9664472260465855,39345.69492187382,0,0.00045557379385813713,7.755807791483305e-05,0.004641733387309392,0.0981473419183632,0.016708860988629518,0.0006642610897436292,0.0004429270745858099,0.00014550707171546708,9.904150478489904e-05,0.04666666666666667,0.007008766440504624,0.05688920218259681,0.0092384432726099
91,14,164.0,822.5082274370916,5.0152940697383634,39345.69492187382,0,0.0005841165037835556,7.606565172086916e-05,0.004003809345139732,0.14589018942488383,0.01899832014059463,0.000783972698876849,0.0005727641840729649,-0.00017186104841817394,0.0001280739650664352,0.04285714285714285,0.008027878384985948,0.06641083317990475,0.01333592289320813
92,13,132.0,649.9438689729377,4.923817189188922,39345.69492187382,0,0.0007661455134739468,0.00017115251390039507,0.003163799764676702,0.24215992491934352,0.054097138450822466,0.0008073253660323711,0.0007221786628362237,-0.0003025128556163147,0.00016148405820016971,0.03846153846153846,0.008823682071944684,0.059594276633157216,0.014723773348499157
93,12,123.0,613.3191211587775,4.986334318364045,39345.69492187382,0,0.0007547731589556465,0.0001376691139640997,0.0029855176482550326,0.2528114879497679,0.04611230955025979,0.0008982417732664935,0.0007066755726225841,-0.00030864490079296844,0.00015801746184226874,0.041666666666666664,0.009558988911273407,0.07680396028325476,0.01861331384000984
94,11,116.0,575.213463845478,4.958736757288603,39345.69492187382,0,0.0005251373399327596,0.00011163421640706713,0.002800026753739513,0.18754725797938332,0.039868982058109466,0.0007283216330494257,0.0005386626881679978,1.093657846402661e-05,0.00012044863876864148,0.07272727272727271,0.008342390322565884,0.11596328968452171,0.01490536867223445
95,10,96.0,535.5751531359671,5.578907845166324,39345.69492187382,0,0.0004039805828608931,3.901602406696182e-05,0.0026070752019491925,0.15495547752472005,0.014965438679249184,0.0005357941193744047,0.00039897474469969256,0.00010944636479048216,8.921346504541364e-05,0.05500000000000001,0.011413288653790231,0.13950093773390504,0.03175507059922379
0,105,19850.0,205431.4170667351,10.349189776661717,49182.11865234227,0,0.015875680303516153,0.0019197122558226236,1.0000000000000002,0.01587568030351615,0.0019197122558226231,0.01918570904215733,0.015717030193177724,0.0041669459932729596,0.003514434791636204,0.04047619047619048,0.007904278754446768,0.4112491453580628,0.06946543722303052
1,104,15947.0,153343.81338077897,9.615840808978426,49182.11865234227,0,0.012255089686272208,0.0015087811683741617,0.746447722409298,0.01641788074148936,0.0020212817630473725,0.013702001629707328,0.012573159684833074,-8.423764763600613e-05,0.0028114439747246585,0.04423076923076923,0.008497805971073831,0.3603565502813865,0.06472318576928072
2,103,13175.0,123162.87465860156,9.348225780539018,49182.11865234227,0,0.009698145009981767,0.0013615118135091016,0.5995328096217714,0.016176170602072736,0.0022709546361074744,0.011790109992658965,0.009613358093174667,0.0025016385627039967,0.002149612218838631,0.04660194174757281,0.006164535524384008,0.4054402442377584,0.0356008673996067
3,102,12265.0,116913.40977534534,9.532279639245441,49182.11865234227,0,0.009215513210826918,0.0011880054390231163,0.5691116356237063,0.016192804072134925,0.0020874734668201713,0.010649345324541258,0.009453931369029753,-0.0001330651160781515,0.0021139633195768177,0.05637254901960783,0.007178882393176742,0.4277197585205454,0.042242474915311065
4,101,11283.0,105212.98150406414,9.32491194753737,49182.11865234227,0,0.00753858713280158,0.0008492094991748715,0.5121562368909005,0.014719311393268163,0.0016581063316344425,0.009062997845627188,0.007646621876756203,0.0011327008162172942,0.001709836631466389,0.05544554455445546,0.006111827790055549,0.38518613748618247,0.03294031249083268
5,100,10827.0,98839.68940830845,9.129000591882187,49182.11865234227,0,0.005519451834005608,0.0007038205745092895,0.4811322962164062,0.011471796587778927,0.001462842091549642,0.010062334621047506,0.005196717174115723,-0.0021928913857156822,0.0011620212861163366,0.06000000000000001,0.007071067811865476,0.46594104925924756,0.04033283474831882
6,99,10201.0,91359.85714324364,8.955970703190241,49182.11865234227,0,0.005608485947212658,0.0008948686685936211,0.4447219341994078,0.012611219541732525,0.0020121981844780632,0.008748175740407834,0.0053639569369688155,-0.002030192675464269,0.0011994172339443825,0.03787878787878788,0.005670361773945336,0.3075102873051704,0.03542058288129738
7,98,8462.0,84422.4941291515,9.97665967019044,49182.11865234227,0,0.006842667211728525,0.0008359944115112478,0.4109522065056222,0.016650761581042662,0.002034286221796477,0.007418654037973482,0.006294106651455131,-0.0030310237474436732,0.0014074050330287247,0.030102040816326524,0.007195410475736179,0.19369606421405336,0.045925346123829
8,97,6658.0,69382.80014309958,10.420967278927543,49182.11865234227,0,0.005601644365120232,0.0009299374547031315,0.33774191471677556,0.016585576503933996,0.002753396644544284,0.006363729475660861,0.005608137339810117,-0.0012246531722162686,0.0012540176318970259,0.05,0.005806575465994167,0.2877480343765418,0.03087966884116005
9,96,6456.0,66169.14749539057,10.249248372891971,49182.11865234227,0,0.004625366105882802,0.0006678594104768453,0.32209848152824316,0.014360099072609964,0.0020734633932705583,0.006285528225897817,0.0047453851014214645,-3.557865506551676e-05,0.0010611003666193128,0.06614583333333333,0.00596360451108387,0.3413499530085599,0.027303039277342005
10,95,6320.0,64863.24248200654,10.263171278798504,49182.11865234227,0,0.004648548800273156,0.0005792885235809856,0.315741591077744,0.014722636901923252,0.0018346918491278182,0.005742259455570518,0.004591055834430375,0.00125900832300929,0.0010265912934283336,0.059473684210526324,0.00790949682104327,0.32478374682503885,0.039001362482300274
11,94,5959.0,61085.00508164948,10.250881873074254,49182.11865234227,0,0.003649160138256188,0.0004657499202219914,0.29734986962488713,0.012272277579471203,0.0015663363861889172,0.0056489134580777825,0.0036296250201712983,0.0008949306212981534,0.0008116088277937067,0.07180851063829786,0.004934284981926152,0.358059915032388,0.017705741674445302
12,93,5591.0,53803.635554816945,9.623258013739393,49182.11865234227,0,0.004209354749031653,0.0003804192749889802,0.26190558544090004,0.01607203123196282,0.0014525053917753244,0.005407186512007919,0.0042480038587382725,-0.0007585561670257771,0.0009498825396820191,0.07365591397849462,0.005746986368736815,0.3837271406305832,0.026717936307975938
13,92,5304.0,51748.80512675164,9.756562052554985,49182.11865234227,0,0.0046607392377392655,0.0007026587292443232,0.25190307240075593,0.018502113504691334,0.002789401187320392,0.005412231206359054,0.004448341356509447,0.0017100106606017709,0.000994679366027875,0.05597826086956522,0.006610522675912349,0.3299282357364033,0.03156766402697771
14,91,5197.0,50363.49330430481,9.690878065096172,49182.11865234227,0,0.004448975118016663,0.0008392049057866183,0.24515964511866298,0.018147257130606692,0.003423095613392749,0.005738562387864582,0.004481061285476246,0.0008470329797281,0.0010019957645667477,0.0631868131868132,0.0072576091806293664,0.38664976549735247,0.03388159766186063
15,90,5058.0,49681.787890926746,9.822417534781879,49182.11865234227,0,0.004462016540776217,0.0007184066393024882,0.2418412363615613,0.01845018909060382,0.0029705713141014735,0.0051895429743396195,0.003948493559332569,0.002257990321386326,0.0008829100007387723,0.06222222222222222,0.00740545783311192,0.37740754068718324,0.03365114740120328
16,89,4995.0,48949.854072149144,9.799770585014844,49182.11865234227,0,0.004994676473500859,0.0005403139485229479,0.23827832554086714,0.02096152246396503,0.0022675748929177303,0.0051845524915225,0.0050298558190628295,0.0009551523398970343,0.001124709952844737,0.04719101123595506,0.008135099367956306,0.2971128649932321,0.04083500909999793
17,88,4892.0,47913.77402441576,9.794311942848683,49182.11865234227,0,0.003925414703059694,0.0006738211292213645,0.23323489030332115,0.016830306554712744,0.0028890237148698574,0.00516906023871293,0.0038865774364563,-0.0010289172123667482,0.0008690651347733156,0.060795454545454555,0.00724702958452931,0.3949839597813274,0.03463120068830803
18,87,4792.0,46709.29955264203,9.747349656227469,49182.11865234227,0,0.003353654294100527,0.00046868633678910285,0.22737174391134324,0.014749652865433375,0.002061321819178433,0.005032161399529083,0.0034190239068896673,0.0003765087943859674,0.0007645169872502207,0.05574712643678161,0.006527480857241694,0.37229575401569087,0.03372809245059583
19,86,4619.0,45229.32048592237,9.792015692990338,49182.11865234227,0,0.004533808962417936,0.0005227434834106123,0.22016749498071897,0.020592544611614815,0.0023742990919544743,0.004955990265567406,0.004571740574477468,-0.0008364522827955044,0.0010222722700025558,0.055232558139534885,0.006527509483960329,0.3709782302634816,0.0365550485371211
20,85,4067.0,39377.01972670706,9.682080090166476,49182.11865234227,0,0.0027537386716383135,0.0003772698364544019,0.19167963833845003,0.014366359909214867,0.001968231157595644,0.004095828924801629,0.002809483564808554,0.0002907553366551201,0.0006282196232580362,0.06411764705882353,0.006470588235294118,0.3460936279839395,0.034367881057985425
21,84,3830.0,35606.89038991562,9.296838221910084,49182.11865234227,0,0.0031302386930401453,0.0005507229122631715,0.17332738535483408,0.01805968910586144,0.0031773566025688157,0.004093355908320554,0.003142196551304298,-0.0006470433267784156,0.0007026165087381816,0.04583333333333332,0.008734311118507426,0.2341963871938803,0.04456441372831897
22,83,3553.0,31070.389730397743,8.744832460004993,49182.11865234227,0,0.002691989530560456,0.00030932020365059956,0.1512445865098834,0.01779891494089636,0.002045165455428624,0.0037563468814110442,0.0027191471710127906,0.0004719474143393354,0.0006080197915210845,0.05903614457831326,0.006932189558860529,0.31825684750303085,0.03567312484482135
23,82,3482.0,30109.445648952984,8.647169916413837,49182.11865234227,0,0.004395804844505145,0.0005075534670840993,0.14656689847576643,0.02999179821787628,0.0034629474483150015,0.003832478625458035,0.004500783042408001,0.00028089969008322806,0.0010064056834802608,0.05182926829268293,0.007655574106306311,0.2638224336577618,0.039234094473019385
24,81,3434.0,29818.747760557493,8.683386068886865,49182.11865234227,0,0.0029830203346309287,0.0003759621633879596,0.14515183795315387,0.020551033846320742,0.002590130229761866,0.0037476883267989645,0.0030521746586421724,0.0002200651660464133,0.0006824870015926113,0.05493827160493827,0.007247294910339689,0.2894772359015156,0.03811541339405346
25,80,3374.0,29259.05417134456,8.671918841536622,49182.11865234227,0,0.0030736794352361077,0.0003665288661196395,0.14242735891677008,0.02158068125824243,0.0025734442378716514,0.003871149375548429,0.003010867952225238,0.0009140272075508531,0.0006732505412451221,0.043125,0.009044617110978802,0.23493103876048255,0.04636842737734055
26,79,3344.0,29089.273200154097,8.698945334974312,49182.11865234227,0,0.003491447201581463,0.00032507985676631657,0.1416008983217224,0.024656956579814683,0.002295747135923695,0.003943955423924271,0.003578773272200416,-0.00015154647572859745,0.0008002380312699488,0.039240506329113925,0.008361291673033856,0.20623211299586255,0.042443900830549094
27,78,3166.0,27290.196478258244,8.619771471338675,49182.11865234227,0,0.003535471461442749,0.00041660973570849474,0.1328433443526943,0.026613839621924904,0.003136097918480665,0.00375993136249131,0.0034366035693879494,0.001131294199668078,0.000768447919286987,0.05448717948717948,0.006952441846426737,0.29698535909271956,0.0396603440500553
28,77,3118.0,26606.42278713305,8.533169591768138,49182.11865234227,0,0.0038250263013481765,0.00043644090507472774,0.12951486762363068,0.029533491957569512,0.003369813157999914,0.003955625446559189,0.003876400314584572,-0.0005963814023253172,0.0008667894611412672,0.045454545454545456,0.007854614530250641,0.2606567499828987,0.0444198496049994
29,76,2761.0,21349.283613212192,7.7324460750496895,49182.11865234227,0,0.0027625318497769957,0.00048045822363326416,0.10392414129274496,0.026582195584327145,0.004623162796023077,0.003210935196027937,0.0028305553856010123,-0.00014191765085837124,0.0006329314256281992,0.06776315789473683,0.004703154292635456,0.3184243811602455,0.017105405866457795
30,75,2709.0,20480.38002158359,7.560125515534732,49182.11865234227,0,0.003280041217708759,0.00046567510924832634,0.09969448837969352,0.032900928336343824,0.0046710216062774675,0.003228884078696272,0.0030555546849972757,-0.0013744368586843104,0.0006832427984621865,0.058666666666666666,0.005590300706429315,0.27585086972129275,0.021833303568217253
31,74,2536.0,18675.324346553993,7.364086887442427,49182.11865234227,0,0.0022733073773520537,0.00036117850352360864,0.09090783003500996,0.025006727984559406,0.003973018642998226,0.002879028399332123,0.002032927235990913,-0.0011143486628660275,0.0004545763492986438,0.05945945945945945,0.0049409258699739415,0.2539661173033436,0.014934731055835173
32,73,2462.0,17631.29877481695,7.161372369950021,49182.11865234227,0,0.0025119948599395315,0.00040690273574182456,0.0858257175390528,0.029268556464983966,0.004741035058130145,0.002858241778192219,0.002565286434623881,0.0002417817389311847,0.0005736154849577068,0.05,0.004896434606031434,0.2361383824813105,0.019745237863672462
33,72,2349.0,16445.896584523558,7.001233113888275,49182.11865234227,0,0.0024740895734172473,0.0005079898221426814,0.08005541128687758,0.03090471379319229,0.006345477638261155,0.0026698740088615313,0.002484834824965513,-0.0005054060894949858,0.0005556259581481678,0.04930555555555556,0.0048819519831407605,0.205219625836846,0.018678247295303395
34,71,2332.0,16364.443742578926,7.017342942786846,49182.11865234227,0,0.0021415588051293473,0.00026272327178487984,0.0796589147669798,0.02688410721378627,0.0032981025733705305,0.0026403077837953894,0.0021865921858442603,-0.00021011424985377514,0.0004889368766617619,0.052112676056338035,0.004347145118278948,0.21822407464024418,0.014386916621540846
35,70,2312.0,16260.782835047812,7.033210568792306,49182.11865234227,0,0.0017057079946418432,0.00036422699553791474,0.07915431372293677,0.021549147663794038,0.004601480050889149,0.0025341705018014048,0.0017262306039017013,-0.0002802878342536611,0.00038599689751647173,0.06,0.0033742564920777257,0.2382818848654665,0.012666331026084748
36,69,2270.0,15766.28107348755,6.945498270258832,49182.11865234227,0,0.0013675199666951358,0.00022378315243807686,0.0767471757660408,0.01781850541137747,0.0029158486967685495,0.0024924797417013164,0.0013905410912563997,0.0001821717847553596,0.0003109344405556048,0.0608695652173913,0.004152755938616689,0.23646475371574405,0.013167910550288426
37,68,2128.0,14666.955243730834,6.892366185963738,49182.11865234227,0,0.001530578698605612,0.00020940393933571366,0.07139587241890186,0.021437915761085308,0.0029329978364445977,0.002558321588486334,0.0015653848446663557,0.00012150278313559288,0.00035003069236219203,0.05661764705882353,0.004030902980486966,0.2437942130638279,0.015111955245012226
38,67,2072.0,14354.464595960511,6.927830403455845,49182.11865234227,0,0.0025096786317344976,0.0005565945145579029,0.06987472900163766,0.03591682812359356,0.007965605341308128,0.002634650160821803,0.0025594868738970686,-0.0002739752357712677,0.0005723186637552277,0.0544776119402985,0.004500465376089062,0.22201549257903058,0.015451173736256266
39,66,1896.0,13251.63153229799,6.98925713728797,49182.11865234227,0,0.0020810628840578715,0.00039808605928507964,0.06450635312510723,0.032261363156304027,0.006171269030090869,0.0025225435065902935,0.001950782335946141,0.0008459010528872486,0.00043620819124814026,0.06439393939393938,0.004379616980827005,0.28125911719778524,0.016349794572558616
40,65,1890.0,13236.336212392274,7.0033524933292455,49182.11865234227,0,0.0017502255558084967,0.00022920606823336847,0.06443189849628701,0.027163960656992843,0.0035573384237091326,0.0026291758514545285,0.0017933971308570864,8.848666954435825e-05,0.0004010157895249531,0.05769230769230769,0.005453578049976139,0.24955984530526504,0.01992264665525412
41,64,1823.0,12900.381248725087,7.0764570755485945,49182.11865234227,0,0.002292435626808318,0.0004427691460994182,0.06279653537381946,0.03650576601339154,0.007050853099835398,0.0025978428274721897,0.0023307323702634677,0.00030751161011542786,0.0005211676017268323,0.0515625,0.00556482801668328,0.23767822083057172,0.02511204416804234
42,63,1768.0,12064.353041371063,6.823729095798113,49182.11865234227,0,0.001624249237547041,0.0002152868129888072,0.05872691340804956,0.027657663978716936,0.003665896954143317,0.0025911512811462685,0.001648487917395524,0.00023779990025873235,0.000368613104338345,0.06746031746031747,0.00550761027445431,0.2830883023164947,0.015789771242328533
43,62,1751.0,11944.256673705253,6.82139158978027,49182.11865234227,0,0.0017777328483042092,0.0002477866246882798,0.05814230775531828,0.030575546739312218,0.004261726688439104,0.0025066846358835363,0.001812222416971142,-0.00020097635631015424,0.00040522525146964415,0.06532258064516128,0.004295323686910301,0.28234780944507454,0.013215082050415265
44,61,1698.0,11670.846338610789,6.873289952067602,49182.11865234227,0,0.0021566868950271836,0.0003131215182350868,0.05681139966444119,0.03796222074734545,0.005511596617660393,0.002621980730754041,0.0016993944257963419,-0.0013812146898566128,0.00037999614566648426,0.055737704918032795,0.006338004373496793,0.24879685595028872,0.023311347657548793
45,60,1655.0,11399.030885375316,6.887631954909557,49182.11865234227,0,0.0025211244477072923,0.00031576518555645694,0.05548825514683718,0.04543528069202579,0.0056906670559536505,0.0025866604237312915,0.0025567276067620845,-0.00038217172633123,0.0005717016728670371,0.056666666666666664,0.006882472016116852,0.2489100009821407,0.025575508675862748
46,59,1618.0,11232.925307893112,6.942475468413543,49182.11865234227,0,0.0018669257626206797,0.0002958444379804901,0.054679685650243365,0.034142949807034424,0.005410499977502584,0.002689473729550783,0.0018303371821506314,-0.000550258405471328,0.0004092758361034226,0.06525423728813559,0.004805756890845739,0.298100864554722,0.014069794126177336
47,58,1591.0,10928.725909569475,6.869092337881505,49182.11865234227,0,0.0020519388631850717,0.00027621112464160097,0.05319890241529729,0.03857107515426932,0.005192045551717562,0.0026163818994389115,0.002052332121950446,0.00045715349325921913,0.0004589154137087585,0.056034482758620684,0.006362611193749678,0.2577696617793676,0.022541841937300626
48,57,1539.0,10690.377410459876,6.946314106861518,49182.11865234227,0,0.0015499553066980877,0.0001610205893762145,0.05203866849142687,0.02978468419024664,0.0030942488354163385,0.0025363870073292867,0.0015869960792482193,9.865457409468223e-05,0.0003548631113224662,0.06666666666666667,0.003269793390512608,0.30658371820436997,0.008667688466477391
49,56,1526.0,10625.788045361685,6.963163856724565,49182.11865234227,0,0.0016766287037908566,0.00022934972999205948,0.05172426008194192,0.03241474505647312,0.004434084308382993,0.0024832401129900013,0.001700405697760586,0.0002535216958123623,0.0003802222729520632,0.05267857142857143,0.005096247382060862,0.2655722817370077,0.01821133288973288
50,55,1520.0,10604.754754565018,6.976812338529617,49182.11865234227,0,0.0015997776332109983,0.00018661235842315705,0.05162187413193976,0.030990305178036442,0.0036149861189889512,0.0024627458403568728,0.001466338982235456,0.0007187808883380501,0.0003278833642336336,0.05818181818181818,0.004294508262644378,0.28079295105788293,0.01276943800656817
51,54,1453.0,9633.217697857463,6.629881416281805,49182.11865234227,0,0.002117827852727982,0.00029522463122264226,0.04689262156395524,0.04516334941606003,0.006295758722296972,0.0024926560170130977,0.002172798296987256,-1.3964110040751377e-05,0.00048585246934592806,0.05833333333333333,0.006619254189635087,0.2813319498237944,0.027090288466570474
52,53,1404.0,8907.916548536614,6.34466990636511,49182.11865234227,0,0.002256670492097023,0.00026278317032820135,0.0433619972822504,0.05204258644748262,0.006060218320150299,0.002581445122036666,0.0022686848134812767,-0.00045053020556547993,0.0005072933462465566,0.0509433962264151,0.005139926234203588,0.2945878745732396,0.022656035165229425
53,52,1247.0,7875.704802371792,6.315721573674251,49182.11865234227,0,0.0024259835055882167,0.00029223001665457213,0.038337392180930845,0.06327982597613693,0.007622584636832142,0.002200278122981808,0.0024763709625789513,-0.0002441382442328551,0.0005537333809833123,0.015384615384615385,0.005510387687779838,0.06957586986330863,0.02475737122367207
54,51,1205.0,7463.613351407564,6.1938700011681025,49182.11865234227,0,0.0017877589622151335,0.00017231852154936367,0.0363314115142524,0.04920697786580122,0.004742962477022537,0.0021957838251290373,0.0018333834183345036,-5.34049275612039e-05,0.00040995699522168843,0.014705882352941175,0.00618011424623866,0.06731036105109121,0.027540520866676296
55,50,1131.0,6377.536823085337,5.638847765769529,49182.11865234227,0,0.0012894290129427028,0.00020451445397828288,0.031044603177777692,0.04153472362196919,0.00658776189881139,0.0021029939831345057,0.0012582206073337699,0.0003983265463598936,0.00028134668086893797,0.009,0.004223991626785959,0.05393546694731499,0.025045333482534016
56,49,1116.0,6297.112962892005,5.642574339508966,49182.11865234227,0,0.002198186750812447,0.0005294171084113025,0.030653115539997312,0.07171169103330367,0.01727123325263625,0.0020804802288251455,0.0022308713671614563,-0.0003226101168091241,0.0004988380026030908,0.014285714285714285,0.005559512049240616,0.06876159230188852,0.026867468454685055
57,48,1086.0,6253.126498967042,5.757943369214587,49182.11865234227,0,0.002064471499072534,0.00040776076292432946,0.03043899802791943,0.0678232410008683,0.013395998204353535,0.0021767512365667586,0.002006314445392126,-0.0006618230876776193,0.0004486255484136583,0.015625,0.006390060755735292,0.07432847583073983,0.030160199312745675
58,47,1074.0,6227.334292490374,5.798262842169808,49182.11865234227,0,0.0019625607458191967,0.00032421491921983363,0.030313446606209236,0.06474225024010291,0.010695415913326836,0.0021708883572201265,0.0019898480988738178,-0.0003002065909806824,0.0004449435613980579,0.015957446808510637,0.0053191489361702135,0.09015873451360498,0.02922973126674155
59,46,1057.0,6168.866263140868,5.836202708742543,49182.11865234227,0,0.0018434232429268213,0.00018404471254341778,0.030028835663129815,0.06138843555596877,0.006128932690167293,0.002030666148236223,0.0018752914743114934,0.00023943066766546908,0.00041932792141862997,0.009782608695652175,0.004591295246506477,0.05397867073478514,0.025095511465473754
60,45,971.0,5579.548277251317,5.746187721165105,49182.11865234227,0,0.002082463888832695,0.0002704287153848377,0.02716015085189615,0.07667350230079119,0.009956819343879236,0.001976513290206754,0.002068326664638625,0.0005220913868469856,0.0004624919021807376,0.025555555555555554,0.0077777777777777776,0.10981256591544693,0.031681906279135454
61,44,942.0,5438.591391472745,5.773451583304401,49182.11865234227,0,0.0018354382865881963,0.0003380847800902958,0.02647400027283072,0.06932984315452463,0.012770445592132883,0.0019830611812945297,0.0018830068495298432,-2.0115871005850754e-05,0.0004210531317646447,0.015909090909090907,0.007392112227502573,0.0660652877791496,0.030015855726682614
62,43,882.0,4811.529809616756,5.455249217252558,49182.11865234227,0,0.0018577904869282347,0.0002447288174486897,0.023421587010976592,0.07931958180534804,0.010448857173256314,0.0019332635294343255,0.0019016742629684382,-0.00012585206000031388,0.00042522729230592385,0.02674418604651163,0.00813953488372093,0.13238059303592492,0.03822308675534836
63,42,874.0,4789.900666319778,5.480435544988304,49182.11865234227,0,0.0015906832206320119,0.00022589589877886887,0.02331630056742374,0.06822193838307383,0.009688325046490361,0.001931801226265482,0.0016149624668904564,0.00022929135921043306,0.00036111658570778135,0.019047619047619046,0.007037654677743844,0.08616134026874989,0.03319464981324724
64,41,862.0,4748.374463241346,5.508555061764903,49182.11865234227,0,0.0015978308027272189,0.00021391556218630113,0.02311415912444795,0.0691277928011314,0.009254741262036294,0.0018635581007713964,0.0015718384593173128,0.0004537851243312601,0.00035147376446820487,0.023170731707317073,0.008006658364425592,0.10927536757251302,0.037257694736108245
65,40,743.0,3829.0534682191537,5.153503994911378,49182.11865234227,0,0.0011943613975770827,0.00012089401963588502,0.018639084142496442,0.06407833069726755,0.006486049352620873,0.0015581380400913265,0.001215171831195957,-0.00015391133050153723,0.0002717206818897059,0.04,0.007565503427086869,0.14834356072135862,0.026459172542690212
66,39,736.0,3812.794168659154,5.1804268595912415,49182.11865234227,0,0.0016681436303693426,0.0002366674213136009,0.018559937049066628,0.08987873320686898,0.01275152069147254,0.0015850536117903605,0.001658872269972064,-0.00041041299183097805,0.0003709351161646918,0.02564102564102564,0.005882454714629789,0.09945245983277765,0.021888309809576068
67,38,721.0,3722.67076880322,5.163204949796422,49182.11865234227,0,0.001866142362291747,0.00019949817616021637,0.018121233947356256,0.10298097622452485,0.011009083417816675,0.001549065299705918,0.0018933908490912697,-0.00027713688727484565,0.0004233750646544125,0.025,0.005876641696281658,0.0961208124160021,0.022978912651804212
68,37,691.0,3674.2504322593736,5.317294402690845,49182.11865234227,0,0.0012409214866314676,0.00015141653957599866,0.01788553320968322,0.0693812967208399,0.008465866675644973,0.0014839045524451763,0.001254115570017251,0.00021382368010101652,0.000280428766619947,0.016216216216216217,0.005333807470626651,0.08151453962697698,0.023403047731784015
69,36,661.0,3516.7625790704988,5.32036698800378,49182.11865234227,0,0.0011395517171315375,0.00014853802509370815,0.01711891311117261,0.06656682639435867,0.008676837374492265,0.0014187031537891423,0.001121023698182497,0.0003236026741623308,0.00025066851935242706,0.0125,0.0037566272390437416,0.07994590100986287,0.022658078073367685
70,35,634.0,3300.959720678379,5.2065610736252035,49182.11865234227,0,0.001200430140984011,0.00016018677757883692,0.016068426961227903,0.07470738385783332,0.009969039157682172,0.001430970061047326,0.0010297306705973602,-0.0006585624739631373,0.0002302547777972141,0.03571428571428571,0.007720966196779731,0.16182360933556703,0.029167031492974914
71,34,632.0,3295.9834835342617,5.215163739769402,49182.11865234227,0,0.0012969929574153708,0.0001877354463152484,0.01604420361109397,0.08083872461694193,0.011701138359116578,0.001354634403717046,0.0013267729295527103,-9.940143520534498e-05,0.00029667544611864,0.03235294117647059,0.007955210623857335,0.13766622654624477,0.029485739291637853
72,33,630.0,3291.6885184247226,5.224902410197973,49182.11865234227,0,0.0007087446331810457,6.61768357329785e-05,0.01602329656011382,0.04423213603530853,0.004130038752307061,0.001413649520216705,0.0007199194353917017,9.974548250905237e-05,0.00016097887958591128,0.04848484848484849,0.00890289361209114,0.17567361465359735,0.03066706886000591
73,32,601.0,2993.102042633648,4.98020306594617,49182.11865234227,0,0.0012129166719063074,0.0001510828771584876,0.014569835935373652,0.0832484783827596,0.010369566124741198,0.0012838187000941404,0.0011102972786093644,0.0005477634603049753,0.0002482700190203562,0.0390625,0.009849557079942867,0.14851355193017785,0.034735774883675886
74,31,575.0,2818.9020789445317,4.902438398164403,49182.11865234227,0,0.0013766028800168124,0.0002051340175702542,0.013721864548248735,0.10032185314003136,0.014949427379126447,0.001368142792524731,0.0013901610586614173,-0.00024313598808667065,0.0003108494626840002,0.01935483870967742,0.007547066475685185,0.07550556850135763,0.027660086269995374
75,30,489.0,2396.352918506144,4.900517215758986,49182.11865234227,0,0.0009680523373744592,0.00014040426155937003,0.01166497779513287,0.08298792799917479,0.012036393384130806,0.001151854962424067,0.000969182468838659,-0.00021160435460350363,0.00021671578829243133,0.015,0.004507952686852491,0.06310583038334905,0.017811210423865364
76,29,468.0,2329.996924992811,4.978625908104297,49182.11865234227,0,0.0008994631725128384,9.03851506695344e-05,0.011341969783696249,0.07930396480210963,0.007969087591774438,0.0011496085926979529,0.0009228148928089501,5.102806714504636e-06,0.00020634768309699944,0.012068965517241381,0.003773252792430451,0.054146927210873864,0.016967180843688263
77,28,449.0,2202.867175908531,4.906162975297397,49182.11865234227,0,0.0011527003261995092,0.0001645512223517219,0.01072312700443926,0.10749665892442602,0.015345451218063485,0.001135829385054948,0.0011817938196320974,-4.374061620351574e-05,0.00026425713160864954,0.014285714285714285,0.004777543243285276,0.06227112424696092,0.019591154116480904
78,27,431.0,2130.4116028490566,4.9429503546381826,49182.11865234227,0,0.0007863277924013051,9.882250893426964e-05,0.010370427431540258,0.0758240484871236,0.009529260928408244,0.0011653034301399774,0.000788879933508528,0.00016460991794211985,0.00017639891574105826,0.012962962962962963,0.004862561280025896,0.05584884100115993,0.019747033339107184
79,26,409.0,1965.7345012876492,4.806196824664179,49182.11865234227,0,0.001189781731224032,0.00013527854896056138,0.009568811476625671,0.1243395519005036,0.01413744531293303,0.001216694286640891,0.0011293207100602286,-0.00045164539751010695,0.00025252378760930015,0.01730769230769231,0.005902641016932523,0.07659999847886931,0.024326616223630294
80,25,391.0,1918.4470150169002,4.906514104902558,49182.11865234227,0,0.0009501632438835724,0.0001139679705769637,0.009338625232739775,0.10174551609078894,0.012203934491065091,0.0010026049058190266,0.0009666780830694666,-0.00012274770692292995,0.00021615579061025158,0.034,0.007827078503166864,0.13059641981935657,0.028080269431572855
81,24,361.0,1823.291404180883,5.050668709642335,49182.11865234227,0,0.0007604021799822472,0.00011438613367175749,0.008875426311198453,0.08567500346691174,0.012887959367927181,0.0008884999011767338,0.0007764229318541939,-7.430030059256038e-05,0.00017361344549156644,0.054166666666666675,0.008054547224652172,0.21130686722052433,0.02940909511740797
82,23,338.0,1742.507556380983,5.155347799943737,49182.11865234227,0,0.0008669596672039259,0.00011873319893748164,0.00848218632408559,0.10220945804292826,0.013997947510340917,0.0008789449550445399,0.0008345731155660236,-0.00029988730148847853,0.00018661622185994165,0.047826086956521734,0.0088656158479682,0.18694940865749674,0.03283726128406597
83,22,333.0,1711.3198799111356,5.139098738471879,49182.11865234227,0,0.000621841015341098,7.511025036029432e-05,0.00833037080864417,0.07464745923384739,0.009016435412737535,0.0007877666775383603,0.0006313478880525015,8.953267783056274e-05,0.00014117367951363207,0.07727272727272726,0.006677170209068355,0.2796565228015419,0.02321648058450802
84,21,319.0,1635.2713350389133,5.12624242958907,49182.11865234227,0,0.0007551980792004944,0.00013560975607154605,0.00796018135097462,0.09487196910507953,0.01703601338868271,0.0009279583106061098,0.0007633014446734981,-0.00012971699256265293,0.00017067939176137364,0.059523809523809534,0.009694584179118518,0.22456380171668505,0.03436581306709184
85,20,238.0,1253.1403599330185,5.265295629970666,49182.11865234227,0,0.0003580235712596114,3.8625241717709e-05,0.0061000424269377065,0.05869198051452627,0.006331962798675046,0.0005334542069570342,0.0003555953667001823,8.975085514790792e-05,7.951354124255727e-05,0.08500000000000002,0.006386663736585051,0.18668035006434386,0.0201571368465665
86,19,237.0,1252.6803671730186,5.285571169506407,49182.11865234227,0,0.0004883890669830868,8.357831179846998e-05,0.006097803272057853,0.08009262437524783,0.013706298493008685,0.0006266088541702832,0.000494778724328223,7.718933866240501e-05,0.00011063588614185355,0.02894736842105263,0.006006994028310648,0.037764373017202556,0.008334006789816193
87,18,229.0,1237.7728107823543,5.405121444464429,49182.11865234227,0,0.00040457175543611297,4.801119901554239e-05,0.0060252362002656094,0.0671462067193778,0.007968351350844291,0.0006398168628053275,0.0004150272447111563,6.56293659505318e-06,9.280291316885855e-05,0.02777777777777778,0.006372659274182271,0.030565943289321072,0.0073333711966445695
88,17,226.0,1223.0385636423546,5.4116750603644,49182.11865234227,0,0.0005085855228623424,7.855652712006969e-05,0.005953512764043519,0.08542612454515344,0.013194987603707683,0.0006626541602094032,0.0005130662126997252,-9.265064695847814e-05,0.00011472509285549514,0.032352941176470584,0.006713699208111901,0.037505614936103535,0.008225192586018035
89,16,204.0,1055.290028183093,5.172990334230848,49182.11865234227,0,0.0004903172381634635,6.366101627601649e-05,0.005136945669027239,0.09544917734283001,0.01239277585898075,0.0006335985542010275,0.00047891751718316737,-0.00015005700646288276,0.00010708921240369858,0.03125,0.007169241683455054,0.04029013538097977,0.009682961307672055
90,15,192.0,953.5578674009445,4.9664472260465855,49182.11865234227,0,0.0003644590350865098,6.204646233186646e-05,0.004641733387309392,0.07851787353469059,0.013367088790903618,0.0005314088717949034,0.00035434165966864793,0.00011640565737237368,7.923320382791923e-05,0.04666666666666667,0.007008766440504624,0.05704784151869922,0.009293925102754976
91,14,164.0,822.5082274370916,5.0152940697383634,49182.11865234227,0,0.0004672932030268446,6.085252137669532e-05,0.004003809345139732,0.11671215153990709,0.0151986561124757,0.0006271781591014793,0.00045821134725837194,-0.0001374888387345392,0.00010245917205314815,0.04285714285714285,0.008027878384985948,0.06673331193928543,0.013431729328668552
92,13,132.0,649.9438689729377,4.923817189188922,49182.11865234227,0,0.0006129164107791575,0.000136922011120316,0.003163799764676702,0.19372793993547482,0.04327771076065795,0.0006458602928258968,0.000577742930268979,-0.0002420102844930517,0.0001291872465601358,0.03846153846153846,0.008823682071944684,0.0597302161050682,0.01479737962346435
93,12,123.0,613.3191211587775,4.986334318364045,49182.11865234227,0,0.0006038185271645173,0.00011013529117127978,0.0029855176482550326,0.20224919035981434,0.03688984764020784,0.0007185934186131951,0.0005653404580980674,-0.0002469159206343748,0.000126413969473815,0.041666666666666664,0.009558988911273407,0.07724651220198256,0.018754492247427212
94,11,116.0,575.213463845478,4.958736757288603,49182.11865234227,0,0.00042010987194620767,8.930737312565368e-05,0.002800026753739513,0.15003780638350664,0.031895185646487564,0.0005826573064395406,0.0004309301505343982,8.749262771221312e-06,9.635891101491317e-05,0.07272727272727271,0.008342390322565884,0.11625598344328576,0.014994583520496263
95,10,96.0,535.5751531359671,5.578907845166324,49182.11865234227,0,0.00032318446628871447,3.121281925356947e-05,0.0026070752019491925,0.12396438201977604,0.011972350943399351,0.0004286352954995237,0.0003191797957597541,8.755709183238568e-05,7.137077203633093e-05,0.05500000000000001,0.011413288653790231,0.13997413761214347,0.03189305450850255
0,105,19850.0,205431.4170667351,10.349189776661717,59018.54238281072,0,0.013229733586263464,0.00159976021318552,1.0000000000000002,0.01322973358626346,0.0015997602131855196,0.01598809086846444,0.013097525160981439,0.0034724549943941307,0.0029286956596968373,0.04047619047619048,0.007904278754446768,0.41100436436850474,0.06943022711599094
1,104,15947.0,153343.81338077897,9.615840808978426,59018.54238281072,0,0.010212574738560177,0.0012573176403118016,0.746447722409298,0.01368156728457447,0.001684401469206144,0.01141833469142278,0.010477633070694234,-7.01980396966717e-05,0.0023428699789372165,0.04423076923076923,0.008497805971073831,0.3602498932413892,0.06469309688418876
2,103,13175.0,123162.87465860156,9.348225780539018,59018.54238281072,0,0.008081787508318141,0.0011345931779242512,0.5995328096217714,0.013480142168393949,0.0018924621967562286,0.00982509166054914,0.008011131744312224,0.0020846988022533313,0.0017913435156988596,0.04660194174757281,0.006164535524384008,0.4051813713602906,0.035611002063972226
3,102,12265.0,116913.40977534534,9.532279639245441,59018.54238281072,0,0.007679594342355773,0.0009900045325192653,0.5691116356237063,0.013494003393445784,0.0017395612223501458,0.00887445443711772,0.007878276140858136,-0.00011088759673179181,0.0017616360996473499,0.05637254901960783,0.007178882393176742,0.4276083571243025,0.04224838430912425
4,101,11283.0,105212.98150406414,9.32491194753737,59018.54238281072,0,0.006282155944001319,0.0007076745826457266,0.5121562368909005,0.012266092827723474,0.001381755276362036,0.007552498204689328,0.006372184897296838,0.000943917346847745,0.0014248638595553244,0.05544554455445546,0.006111827790055549,0.38503520850585615,0.032950378798537246
5,100,10827.0,98839.68940830845,9.129000591882187,59018.54238281072,0,0.004599543195004675,0.000586517145424408,0.4811322962164062,0.009559830489815775,0.0012190350762913684,0.008385278850872927,0.004330597645096436,-0.0018274094880964032,0.0009683510717636138,0.06000000000000001,0.007071067811865476,0.46578140379598737,0.04030011253389966
6,99,10201.0,91359.85714324364,8.955970703190241,59018.54238281072,0,0.004673738289343882,0.0007457238904946843,0.4447219341994078,0.010509349618110439,0.001676831820398386,0.007290146450339864,0.00446996411414068,-0.0016918272295535573,0.000999514361620319,0.03787878787878788,0.005670361773945336,0.3074154895525962,0.03542785135267821
7,98,8462.0,84422.4941291515,9.97665967019044,59018.54238281072,0,0.00570222267644044,0.000696662009592707,0.4109522065056222,0.013875634650868893,0.001695238518163732,0.006182211698311237,0.005245088876212612,-0.002525853122869729,0.001172837527523938,0.030102040816326524,0.007195410475736179,0.1936032051126598,0.04588713640162799
8,97,6658.0,69382.80014309958,10.420967278927543,59018.54238281072,0,0.004668036970933528,0.0007749478789192764,0.33774191471677556,0.013821313753278334,0.002294497203786904,0.0053031078963840525,0.004673447783175098,-0.001020544310180225,0.0010450146932475218,0.05,0.005806575465994167,0.2876882303360998,0.03087206088025661
9,96,6456.0,66169.14749539057,10.249248372891971,59018.54238281072,0,0.0038544717549023368,0.0005565495087307044,0.32209848152824316,0.011966749227174975,0.0017278861610587986,0.005237940188248185,0.0039544875845178885,-2.9648879221263697e-05,0.0008842503055160944,0.06614583333333333,0.00596360451108387,0.3412851969994091,0.02730071433019694
10,95,6320.0,64863.24248200654,10.263171278798504,59018.54238281072,0,0.0038737906668942987,0.0004827404363174882,0.315741591077744,0.01226886408493605,0.0015289098742731824,0.004785216212975436,0.003825879862025315,0.0010491736025077419,0.000855492744523612,0.059473684210526324,0.00790949682104327,0.3247802364299038,0.03900298991484455
11,94,5959.0,61085.00508164948,10.250881873074254,59018.54238281072,0,0.003040966781880158,0.00038812493351832644,0.29734986962488713,0.010226897982892674,0.0013052803218240986,0.004707427881731488,0.0030246875168094163,0.0007457755177484621,0.0006763406898280893,0.07180851063829786,0.004934284981926152,0.35834871099198695,0.017720575858930613
12,93,5591.0,53803.635554816945,9.623258013739393,59018.54238281072,0,0.0035077956241930455,0.0003170160624908172,0.26190558544090004,0.013393359359969024,0.0012104211598127717,0.004505988760006602,0.003540003215615229,-0.0006321301391881471,0.0007915687830683497,0.07365591397849462,0.005746986368736815,0.3839945712508204,0.026732174376893073
13,92,5304.0,51748.80512675164,9.756562052554985,59018.54238281072,0,0.003883949364782722,0.0005855489410369363,0.25190307240075593,0.015418427920576116,0.002324500989433661,0.00451019267196588,0.0037069511304245392,0.0014250088838348098,0.0008288994716898958,0.05597826086956522,0.006610522675912349,0.3299589901101326,0.03161241141814778
14,91,5197.0,50363.49330430481,9.690878065096172,59018.54238281072,0,0.003707479265013887,0.0006993374214888488,0.24515964511866298,0.015122714275505583,0.0028525796778272917,0.004782135323220487,0.0037342177378968723,0.0007058608164400836,0.0008349964704722899,0.0631868131868132,0.0072576091806293664,0.38672323180031043,0.033888804237082994
15,90,5058.0,49681.787890926746,9.822417534781879,59018.54238281072,0,0.003718347117313515,0.0005986721994187403,0.2418412363615613,0.015375157575503184,0.0024754760950845616,0.004324619145283017,0.003290411299443807,0.0018816586011552723,0.0007357583339489769,0.06222222222222222,0.00740545783311192,0.3775083097331833,0.03368963018930618
16,89,4995.0,48949.854072149144,9.799770585014844,59018.54238281072,0,0.00416223039458405,0.00045026162376912346,0.23827832554086714,0.017467935386637528,0.0018896457440981094,0.004320460409602085,0.004191546515885692,0.0007959602832475291,0.0009372582940372808,0.04719101123595506,0.008135099367956306,0.2970121400087128,0.04084833464263286
17,88,4892.0,47913.77402441576,9.794311942848683,59018.54238281072,0,0.003271178919216412,0.0005615176076844705,0.23323489030332115,0.014025255462260624,0.0024075197623915482,0.0043075501989274425,0.00323881453038025,-0.0008574310103056238,0.0007242209456444297,0.060795454545454555,0.00724702958452931,0.3948366696841489,0.03463073464831001
18,87,4792.0,46709.29955264203,9.747349656227469,59018.54238281072,0,0.0027947119117504395,0.0003905719473242524,0.22737174391134324,0.012291377387861147,0.0017177681826486943,0.004193467832940904,0.0028491865890747227,0.0003137573286549728,0.0006370974893751839,0.05574712643678161,0.006527480857241694,0.3722478880503509,0.03373332117544994
19,86,4619.0,45229.32048592237,9.792015692990338,59018.54238281072,0,0.0037781741353482817,0.00043561956950884383,0.22016749498071897,0.017160453843012353,0.0019785825766287296,0.004129991887972839,0.003809783812064558,-0.0006970435689962539,0.0008518935583354635,0.055232558139534885,0.006527509483960329,0.37094780244548053,0.0365832246572983
20,85,4067.0,39377.01972670706,9.682080090166476,59018.54238281072,0,0.0022947822263652625,0.0003143915303786687,0.19167963833845003,0.011971966591012396,0.0016401926313297057,0.0034131907706680237,0.0023412363040071294,0.0002422961138792667,0.0005235163527150304,0.06411764705882353,0.006470588235294118,0.34611203021024395,0.034390980326412496
21,84,3830.0,35606.89038991562,9.296838221910084,59018.54238281072,0,0.0026085322442001217,0.00045893576021930954,0.17332738535483408,0.015049740921551206,0.002647797168807346,0.0034111299236004623,0.0026184971260869165,-0.0005392027723153462,0.0005855137572818183,0.04583333333333332,0.008734311118507426,0.2342695150098383,0.044594518629754124
22,83,3553.0,31070.389730397743,8.744832460004993,59018.54238281072,0,0.0022433246088003804,0.0002577668363754996,0.1512445865098834,0.014832429117413637,0.0017043045461905195,0.0031302890678425377,0.0022659559758439925,0.000393289511949446,0.0005066831596009039,0.05903614457831326,0.006932189558860529,0.3187519454146276,0.035716839535003014
23,82,3482.0,30109.445648952984,8.647169916413837,59018.54238281072,0,0.0036631707037542882,0.000422961222570083,0.14656689847576643,0.02499316518156357,0.0028857895402625033,0.0031937321878816967,0.0037506525353400016,0.0002340830750693568,0.0008386714029002176,0.05182926829268293,0.007655574106306311,0.26429838778349757,0.039320106264139204
24,81,3434.0,29818.747760557493,8.683386068886865,59018.54238281072,0,0.0024858502788591085,0.0003133018028232999,0.14515183795315387,0.017125861538600625,0.00215844185813489,0.0031230736056658045,0.002543478882201811,0.00018338763837201115,0.0005687391679938429,0.05493827160493827,0.007247294910339689,0.28985833223427915,0.03819312692211719
25,80,3374.0,29259.05417134456,8.671918841536622,59018.54238281072,0,0.0025613995293634244,0.0003054407217663664,0.14242735891677008,0.017983901048535367,0.0021445368648930437,0.003225957812957026,0.002509056626854366,0.0007616893396257112,0.0005610421177042686,0.043125,0.009044617110978802,0.2349104312742481,0.0464212645148491
26,79,3344.0,29089.273200154097,8.698945334974312,59018.54238281072,0,0.0029095393346512195,0.00027089988063859716,0.1416008983217224,0.020547463816512238,0.0019131226132697461,0.0032866295199368936,0.002982311060167014,-0.00012628872977383097,0.0006668650260582908,0.039240506329113925,0.008361291673033856,0.20616268534077795,0.04246930973197451
27,78,3166.0,27290.196478258244,8.619771471338675,59018.54238281072,0,0.002946226217868958,0.00034717477975707906,0.1328433443526943,0.022178199684937422,0.0026134149320672212,0.0031332761354094254,0.0028638363078232914,0.0009427451663900652,0.0006403732660724892,0.05448717948717948,0.006952441846426737,0.29693846909347127,0.03965073585035946
28,77,3118.0,26606.42278713305,8.533169591768138,59018.54238281072,0,0.0031875219177901473,0.00036370075422894005,0.12951486762363068,0.024611243297974594,0.0028081776316665973,0.0032963545387993238,0.0032303335954871437,-0.0004969845019377644,0.000722324550951056,0.045454545454545456,0.007854614530250641,0.2609061381585728,0.04440534079752808
29,76,2761.0,21349.283613212192,7.7324460750496895,59018.54238281072,0,0.0023021098748141635,0.0004003818530277205,0.10392414129274496,0.02215182965360596,0.0038526356633525683,0.0026757793300232814,0.002358796154667511,-0.00011826470904864288,0.0005274428546901662,0.06776315789473683,0.004703154292635456,0.31852571665205354,0.017196596164466955
30,75,2709.0,20480.38002158359,7.560125515534732,59018.54238281072,0,0.002733367681423967,0.0003880625910402718,0.09969448837969352,0.027417440280286535,0.003892518005231221,0.0026907367322468955,0.002546295570831064,-0.001145364048903593,0.0005693689987184889,0.058666666666666666,0.005590300706429315,0.2765418376071366,0.02194296100574067
31,74,2536.0,18675.324346553993,7.364086887442427,59018.54238281072,0,0.0018944228144600452,0.0003009820862696739,0.09090783003500996,0.02083893998713284,0.0033108488691651885,0.0023991903327767695,0.0016941060299924277,-0.0009286238857216897,0.00037881362441553656,0.05945945945945945,0.0049409258699739415,0.2538234728676138,0.015110379303815015
32,73,2462.0,17631.29877481695,7.161372369950021,59018.54238281072,0,0.0020933290499496097,0.0003390856131181872,0.0858257175390528,0.02439046372081997,0.003950862548441788,0.0023818681484935166,0.0021377386955199014,0.0002014847824426539,0.00047801290413142244,0.05,0.004896434606031434,0.23621245291962265,0.01990664857174239
33,72,2349.0,16445.896584523558,7.001233113888275,59018.54238281072,0,0.0020617413111810395,0.00042332485178556785,0.08005541128687758,0.025753928160993575,0.0052878980318842965,0.0022248950073846105,0.0020706956874712613,-0.0004211717412458215,0.00046302163179014,0.04930555555555556,0.0048819519831407605,0.20617186024604311,0.018778150783295224
34,71,2332.0,16364.443742578926,7.017342942786846,59018.54238281072,0,0.00178463233760779,0.00021893605982073344,0.0796589147669798,0.022403422678155233,0.002748418811142112,0.0022002564864961587,0.001822160154870218,-0.0001750952082114794,0.0004074473972181352,0.052112676056338035,0.004347145118278948,0.21906703875411213,0.014406236718199572
35,70,2312.0,16260.782835047812,7.033210568792306,59018.54238281072,0,0.0014214233288682029,0.00030352249628159565,0.07915431372293677,0.0179576230531617,0.0038345667090742912,0.0021118087515011714,0.001438525503251418,-0.0002335731952113841,0.00032166408126372653,0.06,0.0033742564920777257,0.23877436586078266,0.012676513618889539
36,69,2270.0,15766.28107348755,6.945498270258832,59018.54238281072,0,0.001139599972245947,0.00018648596036506413,0.0767471757660408,0.01484875450948123,0.002429873913973792,0.0020770664514177645,0.001158784242713667,0.00015180982062946627,0.00025911203379633746,0.0608695652173913,0.004152755938616689,0.2373072144390754,0.013195633657538751
37,68,2128.0,14666.955243730834,6.892366185963738,59018.54238281072,0,0.0012754822488380108,0.00017450328277976145,0.07139587241890186,0.017864929800904435,0.002444164863703832,0.0021319346570719466,0.0013044873705552967,0.00010125231927966083,0.0002916922436351601,0.05661764705882353,0.004030902980486966,0.24469678333741127,0.015192298372072102
38,67,2072.0,14354.464595960511,6.927830403455845,59018.54238281072,0,0.002091398859778749,0.00046382876213158593,0.06987472900163766,0.029930690102994643,0.006638004451090109,0.002195541800684836,0.002132905728247558,-0.0002283126964760564,0.00047693221979602324,0.0544776119402985,0.004500465376089062,0.22316250551255906,0.01552525636678329
39,66,1896.0,13251.63153229799,6.98925713728797,59018.54238281072,0,0.0017342190700482263,0.00033173838273756656,0.06450635312510723,0.02688446929692002,0.005142724191742394,0.002102119588825246,0.0016256519466217843,0.0007049175440727075,0.00036350682604011694,0.06439393939393938,0.004379616980827005,0.28194031459703545,0.016241590184714164
40,65,1890.0,13236.336212392274,7.0033524933292455,59018.54238281072,0,0.0014585212965070812,0.0001910050568611404,0.06443189849628701,0.02263663388082738,0.002964448686424277,0.002190979876212108,0.0014944976090475726,7.373889128696512e-05,0.0003341798246041277,0.05769230769230769,0.005453578049976139,0.2506859157599358,0.019971657667935235
41,64,1823.0,12900.381248725087,7.0764570755485945,59018.54238281072,0,0.0019103630223402657,0.0003689742884161821,0.06279653537381946,0.030421471677826294,0.005875710916529503,0.002164869022893492,0.0019422769752195572,0.0002562596750961898,0.0004343063347723604,0.0515625,0.00556482801668328,0.2385318108875686,0.025169652673642323
42,63,1768.0,12064.353041371063,6.823729095798113,59018.54238281072,0,0.0013535410312892013,0.0001794056774906728,0.05872691340804956,0.023048053315597453,0.0030549141284527664,0.0021592927342885585,0.0013737399311629372,0.00019816658354894368,0.00030717758694862095,0.06746031746031747,0.00550761027445431,0.28390434495222217,0.01581823701497462
43,62,1751.0,11944.256673705253,6.82139158978027,59018.54238281072,0,0.0014814440402535088,0.0002064888539069,0.05814230775531828,0.0254796222827602,0.0035514389070325897,0.002088903863236281,0.0015101853474759526,-0.00016748029692512862,0.00033768770955803704,0.06532258064516128,0.004295323686910301,0.2832023893093031,0.013194312054314074
44,61,1698.0,11670.846338610789,6.873289952067602,59018.54238281072,0,0.00179723907918932,0.00026093459852923897,0.05681139966444119,0.031635183956121214,0.0045929971813836595,0.002184983942295035,0.0014161620214969517,-0.0011510122415471777,0.00031666345472207023,0.055737704918032795,0.006338004373496793,0.24970572880485462,0.02340517812841385
45,60,1655.0,11399.030885375316,6.887631954909557,59018.54238281072,0,0.002100937039756078,0.0002631376546303809,0.05548825514683718,0.03786273391002151,0.004742222546628045,0.0021555503531094106,0.0021306063389684047,-0.0003184764386093585,0.0004764180607225312,0.056666666666666664,0.006882472016116852,0.2497781770876951,0.025599872340543915
46,59,1618.0,11232.925307893112,6.942475468413543,59018.54238281072,0,0.001555771468850567,0.0002465370316504084,0.054679685650243365,0.028452458172528696,0.004508749981252153,0.002241228107958987,0.0015252809851255265,-0.00045854867122610684,0.00034106319675285225,0.06525423728813559,0.004805756890845739,0.2993575771824381,0.014069887659640352
47,58,1591.0,10928.725909569475,6.869092337881505,59018.54238281072,0,0.0017099490526542272,0.00023017593720133414,0.05319890241529729,0.03214256262855779,0.004326704626431302,0.0021803182495324274,0.0017102767682920389,0.000380961244382683,0.00038242951142396556,0.056034482758620684,0.006362611193749678,0.25867608318845875,0.022614739853028525
48,57,1539.0,10690.377410459876,6.946314106861518,59018.54238281072,0,0.0012916294222484067,0.00013418382448017883,0.05203866849142687,0.02482057015853887,0.002578540696180284,0.002113655839441074,0.0013224967327068499,8.221214507890174e-05,0.00029571925943538854,0.06666666666666667,0.003269793390512608,0.30817308965316265,0.008545731546468304
49,56,1526.0,10625.788045361685,6.963163856724565,59018.54238281072,0,0.0013971905864923811,0.00019112477499338298,0.05172426008194192,0.02701228754706094,0.003695070256985829,0.0020693667608250015,0.0014170047481338222,0.00021126807984363523,0.00031685189412671943,0.05267857142857143,0.005096247382060862,0.2671714535465739,0.01827373543893695
50,55,1520.0,10604.754754565018,6.976812338529617,59018.54238281072,0,0.0013331480276758323,0.0001555102986859643,0.05162187413193976,0.025825254315030376,0.0030124884324907943,0.002052288200297395,0.0012219491518628805,0.0005989840736150418,0.00027323613686136143,0.05818181818181818,0.004294508262644378,0.28222269320090065,0.01279093187865136
51,54,1453.0,9633.217697857463,6.629881416281805,59018.54238281072,0,0.0017648565439399861,0.0002460205260188686,0.04689262156395524,0.037636124513383384,0.005246465601914144,0.0020772133475109164,0.0018106652474893811,-1.1636758367292783e-05,0.0004048770577882736,0.05833333333333333,0.006619254189635087,0.28234526026669765,0.027162597412408108
52,53,1404.0,8907.916548536614,6.34466990636511,59018.54238281072,0,0.0018805587434141866,0.00021898597527350116,0.0433619972822504,0.04336882203956887,0.005050181933458583,0.0021512042683638896,0.0018905706779010645,-0.0003754418379712332,0.00042274445520546394,0.0509433962264151,0.005139926234203588,0.2955562805198759,0.02266693650240739
53,52,1247.0,7875.704802371792,6.315721573674251,59018.54238281072,0,0.002021652921323514,0.00024352501387881032,0.038337392180930845,0.05273318831344745,0.00635215386402679,0.00183356510248484,0.002063642468815793,-0.00020344853686071296,0.0004614444841527603,0.015384615384615385,0.005510387687779838,0.06997274385815958,0.02487560171523651
54,51,1205.0,7463.613351407564,6.1938700011681025,59018.54238281072,0,0.0014897991351792783,0.0001435987679578031,0.0363314115142524,0.0410058148881677,0.003952468730852116,0.0018298198542741988,0.0015278195152787534,-4.450410630100315e-05,0.0003416308293514071,0.014705882352941175,0.00618011424623866,0.06762201364444838,0.02765056760839038
55,50,1131.0,6377.536823085337,5.638847765769529,59018.54238281072,0,0.0010745241774522529,0.00017042871164856912,0.031044603177777692,0.03461226968497434,0.005489801582342827,0.0017524949859454217,0.001048517172778142,0.0003319387886332447,0.00023445556739078174,0.009,0.004223991626785959,0.05442736976248774,0.025249207103270065
56,49,1116.0,6297.112962892005,5.642574339508966,59018.54238281072,0,0.001831822292343706,0.0004411809236760856,0.030653115539997312,0.059759742527753075,0.014392694377196879,0.0017337335240209546,0.0018590594726345475,-0.0002688417640076034,0.0004156983355025758,0.014285714285714285,0.005559512049240616,0.06898177150952842,0.02691571478233421
57,48,1086.0,6253.126498967042,5.757943369214587,59018.54238281072,0,0.001720392915893779,0.0003398006357702748,0.03043899802791943,0.056519367500723595,0.011163331836961289,0.0018139593638056332,0.001671928704493439,-0.0005515192397313495,0.0003738546236780488,0.015625,0.006390060755735292,0.07465071523987662,0.030240956603485764
58,47,1074.0,6227.334292490374,5.798262842169808,59018.54238281072,0,0.0016354672881826644,0.00027017909934986135,0.030313446606209236,0.05395187520008578,0.00891284659443903,0.0018090736310167725,0.0016582067490615155,-0.00025017215915056865,0.0003707863011650484,0.015957446808510637,0.0053191489361702135,0.0912318890995236,0.029538469867065122
59,46,1057.0,6168.866263140868,5.836202708742543,59018.54238281072,0,0.0015361860357723512,0.00015337059378618155,0.030028835663129815,0.051157029629973975,0.005107443908472746,0.001692221790196853,0.001562742895259578,0.0001995255563878908,0.000349439934515525,0.009782608695652175,0.004591295246506477,0.05433973049980745,0.02524065998181041
60,45,971.0,5579.548277251317,5.746187721165105,59018.54238281072,0,0.0017353865740272465,0.0002253572628206982,0.02716015085189615,0.06389458525065934,0.008297349453232702,0.0016470944085056293,0.0017236055538655214,0.00043507615570582156,0.0003854099184839481,0.025555555555555554,0.0077777777777777776,0.11096812313562923,0.032008461726313046
61,44,942.0,5438.591391472745,5.773451583304401,59018.54238281072,0,0.0015295319054901644,0.0002817373167419134,0.02647400027283072,0.05777486929543723,0.010642037993444077,0.0016525509844121087,0.0015691723746082034,-1.6763225838209003e-05,0.00035087760980387074,0.015909090909090907,0.007392112227502573,0.06634030843044644,0.030058583054767402
62,43,882.0,4811.529809616756,5.455249217252558,59018.54238281072,0,0.001548158739106863,0.00020394068120724147,0.023421587010976592,0.06609965150445672,0.008707380977713598,0.0016110529411952716,0.0015847285524736988,-0.00010487671666692833,0.0003543560769216033,0.02674418604651163,0.00813953488372093,0.1333728251290332,0.03849105554697006
63,42,874.0,4789.900666319778,5.480435544988304,59018.54238281072,0,0.001325569350526677,0.00018824658231572414,0.02331630056742374,0.056851615319228214,0.008073604205408638,0.0016098343552212353,0.0013458020557420474,0.00019107613267536097,0.0003009304880898179,0.019047619047619046,0.007037654677743844,0.08677167500938968,0.03337480633757097
64,41,862.0,4748.374463241346,5.508555061764903,59018.54238281072,0,0.0013315256689393497,0.00017826296848858433,0.02311415912444795,0.057606494000942865,0.007712284385030247,0.0015529650839761647,0.0013098653827644275,0.00037815427027605025,0.0002928948037235041,0.023170731707317073,0.008006658364425592,0.11002573578042696,0.037483383642865575
65,40,743.0,3829.0534682191537,5.153503994911378,59018.54238281072,0,0.000995301164647569,0.00010074501636323753,0.018639084142496442,0.05339860891438964,0.005405041127184061,0.0012984483667427722,0.0010126431926632978,-0.00012825944208461442,0.00022643390157475502,0.04,0.007565503427086869,0.14958553992045204,0.02665014535004587
66,39,736.0,3812.794168659154,5.1804268595912415,59018.54238281072,0,0.001390119691974453,0.00019722285109466755,0.018559937049066628,0.07489894433905753,0.01062626724289379,0.0013208780098253009,0.001382393558310054,-0.00034201082652581514,0.00030911259680391,0.02564102564102564,0.005882454714629789,0.10034629922033836,0.02199795068258782
67,38,721.0,3722.67076880322,5.163204949796422,59018.54238281072,0,0.001555118635243123,0.00016624848013351373,0.018121233947356256,0.08581748018710406,0.0091742361815139,0.0012908877497549319,0.0015778257075760589,-0.00023094740606237132,0.0003528125538786772,0.025,0.005876641696281658,0.09697207723932337,0.023192278492286163
68,37,691.0,3674.2504322593736,5.317294402690845,59018.54238281072,0,0.0010341012388595564,0.00012618044964666562,0.01788553320968322,0.05781774726736659,0.007054888896370815,0.0012365871270376473,0.0010450963083477093,0.0001781864000841805,0.00023369063884995587,0.016216216216216217,0.005333807470626651,0.08218918441899031,0.02360943998733175
69,36,661.0,3516.7625790704988,5.32036698800378,59018.54238281072,0,0.000949626430942948,0.00012378168757809014,0.01711891311117261,0.05547235532863223,0.007230697812076889,0.0011822526281576188,0.0009341864151520809,0.00026966889513527567,0.00020889043279368925,0.0125,0.0037566272390437416,0.08059084201323749,0.022852684878545963
70,35,634.0,3300.959720678379,5.2065610736252035,59018.54238281072,0,0.0010003584508200094,0.00013348898131569745,0.016068426961227903,0.0622561532148611,0.00830753263140181,0.0011924750508727725,0.000858108892164467,-0.0005488020616359479,0.00019187898149767847,0.03571428571428571,0.007720966196779731,0.16312599052924695,0.029414730104603836
71,34,632.0,3295.9834835342617,5.215163739769402,59018.54238281072,0,0.0010808274645128094,0.00015644620526270706,0.01604420361109397,0.06736560384745163,0.009750948632597152,0.0011288620030975387,0.0011056441079605925,-8.28345293377876e-05,0.0002472295384322001,0.03235294117647059,0.007955210623857335,0.13878268780885875,0.029722777140655913
72,33,630.0,3291.6885184247226,5.224902410197973,59018.54238281072,0,0.0005906205276508715,5.514736311081545e-05,0.01602329656011382,0.036860113362757116,0.003441698960255886,0.0011780412668472543,0.0005999328628264182,8.312123542421034e-05,0.00013414906632159277,0.04848484848484849,0.00890289361209114,0.1770266434483872,0.030955915598774284
73,32,601.0,2993.102042633648,4.98020306594617,59018.54238281072,0,0.001010763893255256,0.000125902397632073,0.014569835935373652,0.06937373198563299,0.008641305103950997,0.0010698489167451169,0.0009252477321744703,0.00045646955025414605,0.00020689168251696347,0.0390625,0.009849557079942867,0.14965605276299523,0.03501400836307158
74,31,575.0,2818.9020789445317,4.902438398164403,59018.54238281072,0,0.0011471690666806768,0.00017094501464187843,0.013721864548248735,0.08360154428335946,0.012457856149272035,0.001140118993770609,0.0011584675488845143,-0.00020261332340555882,0.00025904121890333345,0.01935483870967742,0.007547066475685185,0.0760940110491288,0.02785398627884263
75,30,489.0,2396.352918506144,4.900517215758986,59018.54238281072,0,0.0008067102811453827,0.00011700355129947499,0.01166497779513287,0.06915660666597899,0.010030327820109002,0.0009598791353533894,0.0008076520573655493,-0.00017633696216958638,0.0001805964902436928,0.015,0.004507952686852491,0.06373363341028136,0.017991138938739517
76,29,468.0,2329.996924992811,4.978625908104297,59018.54238281072,0,0.0007495526437606986,7.532095889127865e-05,0.011341969783696249,0.06608663733509136,0.0066409063264786985,0.0009580071605816276,0.000769012410674125,4.252338928753828e-06,0.00017195640258083284,0.012068965517241381,0.003773252792430451,0.05461121984945318,0.017115943978559426
77,28,449.0,2202.867175908531,4.906162975297397,59018.54238281072,0,0.0009605836051662578,0.00013712601862643495,0.01072312700443926,0.08958054910368836,0.012787876015052907,0.0009465244875457902,0.0009848281830267481,-3.645051350292975e-05,0.00022021427634054134,0.014285714285714285,0.004777543243285276,0.06289991896562527,0.01979060296042787
78,27,431.0,2130.4116028490566,4.9429503546381826,59018.54238281072,0,0.0006552731603344211,8.235209077855805e-05,0.010370427431540258,0.06318670707260302,0.007941050773673538,0.0009710861917833147,0.0006573999445904402,0.00013717493161843327,0.00014699909645088193,0.012962962962962963,0.004862561280025896,0.05638301663242203,0.019930982724154098
79,26,409.0,1965.7345012876492,4.806196824664179,59018.54238281072,0,0.0009914847760200268,0.00011273212413380112,0.009568811476625671,0.10361629325041967,0.011781204427444188,0.0010139119055340763,0.0009411005917168572,-0.0003763711645917558,0.0002104364896744168,0.01730769230769231,0.005902641016932523,0.07754799665822047,0.024649205761969592
80,25,391.0,1918.4470150169002,4.906514104902558,59018.54238281072,0,0.0007918027032363103,9.49733088141364e-05,0.009338625232739775,0.08478793007565745,0.010169945409220907,0.0008355040881825222,0.0008055650692245555,-0.00010228975576910833,0.000180129825508543,0.034,0.007827078503166864,0.13169580722667457,0.028325827903476986
81,24,361.0,1823.291404180883,5.050668709642335,59018.54238281072,0,0.0006336684833185396,9.532177805979794e-05,0.008875426311198453,0.07139583622242648,0.01073996613993932,0.000740416584313945,0.0006470191098784951,-6.191691716046703e-05,0.00014467787124297206,0.054166666666666675,0.008054547224652172,0.21328352172411486,0.029688251511376742
82,23,338.0,1742.507556380983,5.155347799943737,59018.54238281072,0,0.000722466389336605,9.894433244790137e-05,0.00848218632408559,0.08517454836910689,0.01166495625861743,0.0007324541292037833,0.0006954775963050199,-0.00024990608457373207,0.0001555135182166181,0.047826086956521734,0.0088656158479682,0.18849932531716793,0.0331372760425078
83,22,333.0,1711.3198799111356,5.139098738471879,59018.54238281072,0,0.0005182008461175817,6.259187530024529e-05,0.00833037080864417,0.06220621602820616,0.007513696177281282,0.000656472231281967,0.0005261232400437513,7.46105648588023e-05,0.00011764473292802674,0.07727272727272726,0.006677170209068355,0.2818154791051373,0.023432952045161104
84,21,319.0,1635.2713350389133,5.12624242958907,59018.54238281072,0,0.0006293317326670787,0.00011300813005962172,0.00796018135097462,0.07905997425423296,0.014196677823902262,0.0007732985921717583,0.0006360845372279152,-0.00010809749380221081,0.0001422328264678114,0.059523809523809534,0.009694584179118518,0.22636621582895639,0.03463987928619863
85,20,238.0,1253.1403599330185,5.265295629970666,59018.54238281072,0,0.0002983529760496762,3.218770143142417e-05,0.0061000424269377065,0.04890998376210523,0.005276635665562539,0.0004445451724641952,0.000296329472250152,7.479237928992328e-05,6.626128436879774e-05,0.08500000000000002,0.006386663736585051,0.18683845802795113,0.02021753755338749
86,19,237.0,1252.6803671730186,5.285571169506407,59018.54238281072,0,0.0004069908891525723,6.964859316539164e-05,0.006097803272057853,0.06674385364603985,0.011421915410840568,0.0005221740451419024,0.0004123156036068525,6.43244488853375e-05,9.219657178487796e-05,0.02894736842105263,0.006006994028310648,0.037791527801706526,0.008334694605066018
87,18,229.0,1237.7728107823543,5.405121444464429,59018.54238281072,0,0.0003371431295300942,4.000933251295199e-05,0.0060252362002656094,0.05595517226614817,0.006640292792370242,0.0005331807190044396,0.0003458560372592969,5.469113829210964e-06,7.73357609740488e-05,0.02777777777777778,0.006372659274182271,0.030599095715666696,0.007346648370583012
88,17,226.0,1223.0385636423546,5.4116750603644,59018.54238281072,0,0.000423821269051952,6.546377260005806e-05,0.005953512764043519,0.0711884371209612,0.010995823003089733,0.0005522118001745028,0.000427555177249771,-7.720887246539844e-05,9.560424404624594e-05,0.032352941176470584,0.006713699208111901,0.03759242717117011,0.008245217773558501
89,16,204.0,1055.290028183093,5.172990334230848,59018.54238281072,0,0.00040859769846955294,5.305084689668041e-05,0.005136945669027239,0.07954098111902501,0.010327313215817292,0.0005279987951675229,0.00039909793098597283,-0.0001250475053857356,8.924101033641549e-05,0.03125,0.007169241683455054,0.04053544990024524,0.009758467753742669
90,15,192.0,953.5578674009445,4.9664472260465855,59018.54238281072,0,0.0003037158625720916,5.170538527655539e-05,0.004641733387309392,0.06543156127890884,0.01113924065908635,0.00044284072649575294,0.00029528471639054003,9.700471447697812e-05,6.602766985659938e-05,0.04666666666666667,0.007008766440504624,0.05715954658136675,0.00933375103870994
91,14,164.0,822.5082274370916,5.0152940697383634,59018.54238281072,0,0.00038941100252237043,5.071043448057944e-05,0.004003809345139732,0.0972601262832559,0.012665546760396417,0.0005226484659178992,0.0003818427893819765,-0.00011457403227878265,8.538264337762344e-05,0.04285714285714285,0.008027878384985948,0.06695965715818215,0.013499930899997117
92,13,132.0,649.9438689729377,4.923817189188922,59018.54238281072,0,0.0005107636756492978,0.00011410167593359673,0.003163799764676702,0.16143994994622898,0.036064758967214984,0.0005382169106882475,0.0004814524418908159,-0.00020167523707754313,0.00010765603880011316,0.03846153846153846,0.008823682071944684,0.05982466823224704,0.014848779394997192
93,12,123.0,613.3191211587775,4.986334318364045,59018.54238281072,0,0.0005031821059704311,9.177940930939983e-05,0.0029855176482550326,0.16854099196651195,0.030741539700173206,0.0005988278488443293,0.0004711170484150563,-0.00020576326719531235,0.00010534497456151254,0.041666666666666664,0.009558988911273407,0.07755275376548065,0.01885254149416064
94,11,116.0,575.213463845478,4.958736757288603,59018.54238281072,0,0.0003500915599551731,7.442281093804476e-05,0.002800026753739513,0.1250315053195889,0.02657932137207298,0.00048554775536628397,0.00035910845877866525,7.291052309351076e-06,8.029909251242766e-05,0.07272727272727271,0.008342390322565884,0.11645739171575933,0.015056421173699944
95,10,96.0,535.5751531359671,5.578907845166324,59018.54238281072,0,0.00026932038857392876,2.6010682711307893e-05,0.0026070752019491925,0.10330365168314672,0.00997695911949946,0.00035719607958293643,0.00026598316313312844,7.296424319365476e-05,5.9475643363609114e-05,0.05500000000000001,0.011413288653790231,0.1402971812948477,0.03198751865284332
